"Adams, Joe",12378,CAR,CAR,9028,WR,10,0,0,0,0,0,0,0,0,3,13,0,0,1,1,7,0,0,0,0,0,0,0,0,0,0,0,0,3
"Adams, Kris",12722,IND,IND,9001,WR,3,0,0,0,0,0,0,0,0,0,0,0,0,8,2,26,0,0,0,0,0,0,0,0,0,0,0,0,0
"Adams, Kyle",12115,CHI,CHI,9019,TE,15,0,0,0,0,0,0,0,0,0,0,0,0,8,4,40,0,0,0,0,0,0,0,0,0,0,0,0,0
"Ajirotutu, Seyi",11776,SD,SD,9012,WR,7,0,0,0,0,0,0,0,0,0,0,0,0,4,3,45,0,0,0,0,0,0,0,0,0,0,0,0,0
"Akers, David",1594,SF,SF,9027,PK,15,0,0,0,0,0,0,0,0,0,0,0,0,0,0,0,0,0,43,43,0,27,40,0,8,10,7,2,0
"Alexander, Danario",11769,SD,SD,9012,WR,9,0,1,0,0,0,0,0,0,0,0,0,0,51,30,562,5,0,0,0,0,0,0,0,0,0,0,0,0
"Allen, Anthony",12079,BAL,BAL,9030,RB,13,0,0,0,0,0,0,0,0,16,61,1,0,4,2,12,0,0,0,0,0,0,0,0,0,0,0,0,0
"Allen, Armando",12256,CHI,CHI,9019,RB,15,0,0,0,0,0,0,0,0,27,124,1,0,3,2,16,0,0,0,0,0,0,0,0,0,0,0,0,0
"Allen, Dwayne",12338,IND,IND,9001,TE,16,0,0,0,0,0,0,0,0,3,5,0,0,66,45,521,3,0,0,0,0,0,0,0,0,0,0,0,0
"Amendola, Danny",11321,STL,STL,9025,WR,11,0,0,0,0,0,0,0,0,2,8,0,0,101,63,666,3,1,0,0,0,0,0,0,0,0,0,0,2
"Anderson, Derek",2534,CAR,CAR,9028,QB,16,4,4,58,0,0,0,0,0,0,0,0,0,0,0,0,0,0,0,0,0,0,0,0,0,0,0,0,0
"Anger, Bryan",12344,JAC,JAC,9029,P,16,0,0,0,0,0,0,0,0,0,0,0,0,0,0,0,0,0,0,0,0,0,0,0,0,0,0,0,0
"Armstrong, Anthony",2985,MIA,MIA,9002,WR,7,0,0,0,0,0,0,0,0,0,0,0,0,12,6,58,1,0,0,0,0,0,0,0,0,0,0,0,0
"Aromashodu, Devin",2675,MIN,MIN,9022,WR,16,0,0,0,0,0,0,0,0,0,0,0,0,22,11,182,0,0,0,0,0,0,0,0,0,0,0,0,0
"Asiata, Matt",12753,MIN,MIN,9022,RB,16,0,0,0,0,0,0,0,0,3,9,0,0,1,1,2,0,0,0,0,0,0,0,0,0,0,0,0,0
"Ausberry, David",12095,OAK,OAK,9011,TE,16,0,0,0,0,0,0,0,0,0,0,0,0,12,7,92,0,0,0,0,0,0,0,0,0,0,0,0,0
"Austin, Miles",2710,DAL,DAL,9014,WR,16,0,0,0,0,0,0,0,0,0,0,0,0,119,66,943,6,0,0,0,0,0,0,0,0,0,0,0,1
"Avant, Jason",2642,PHI,PHI,9016,WR,14,0,0,0,0,0,0,0,0,0,0,0,0,76,53,648,0,0,0,0,0,0,0,0,0,0,0,0,0
"Avery, Donnie",2889,IND,IND,9001,WR,16,0,0,0,0,0,0,0,0,4,9,0,0,124,60,781,3,0,0,0,0,0,0,0,0,0,0,0,0
"Babineaux, Jordan",8110,TEN,TEN,9007,S,1,0,0,0,0,0,0,0,0,1,10,0,0,0,0,0,0,0,0,0,0,0,0,0,0,0,0,0,0
"Bailey, Dan",12149,DAL,DAL,9014,PK,16,0,0,0,0,0,0,0,0,0,0,0,0,0,0,0,0,0,37,37,0,29,31,0,6,13,7,3,0
"Bajema, Billy",2547,BAL,BAL,9030,TE,8,0,0,0,0,0,0,0,0,0,0,0,0,1,0,0,0,0,0,0,0,0,0,0,0,0,0,0,0
"Baldwin, Doug",12173,SEA,SEA,9013,WR,14,0,0,0,0,0,0,0,0,0,0,0,0,50,29,366,3,0,0,0,0,0,0,0,0,0,0,0,0
"Baldwin, Jonathan",11880,KC,KC,9010,WR,16,0,0,0,0,0,0,0,0,0,0,0,0,47,20,325,1,0,0,0,0,0,0,0,0,0,0,0,0
"Ball, Lance",3218,DEN,DEN,9009,RB,15,0,0,0,0,0,0,0,0,42,158,1,0,11,7,61,1,0,0,0,0,0,0,0,0,0,0,0,1
"Ballard, Vick",12444,IND,IND,9001,RB,16,0,0,0,0,0,0,0,0,211,814,2,0,27,17,152,1,0,0,0,0,0,0,0,0,0,0,0,0
"Banks, Brandon",11739,WAS,WAS,9018,WR,12,0,0,0,0,0,0,0,0,7,36,0,0,8,8,15,0,0,0,0,0,0,0,0,0,0,0,0,0
"Banyard, Joe",12777,NO,NO,9026,RB,5,0,0,0,0,0,0,0,0,0,0,0,0,0,0,0,0,0,0,0,0,0,0,0,0,0,0,0,0
"Barden, Ramses",11085,NYG,NYG,9015,WR,13,0,0,0,0,0,0,0,0,0,0,0,0,21,14,220,0,0,0,0,0,0,0,0,0,0,0,0,0
"Barnidge, Gary",2890,CAR,CAR,9028,TE,16,0,0,0,0,0,0,0,0,0,0,0,0,6,6,78,1,0,0,0,0,0,0,0,0,0,0,0,0
"Barth, Connor",3203,TB,TB,9023,PK,16,0,0,0,0,0,0,0,0,0,0,0,0,0,0,0,0,0,39,39,0,28,33,0,7,3,12,6,0
"Batch, Baron",12086,PIT,PIT,9008,RB,10,0,0,0,0,0,0,0,0,25,49,1,0,5,4,31,0,0,0,0,0,0,0,0,0,0,0,0,0
"Batch, Charlie",1510,PIT,PIT,9008,QB,7,45,70,475,4,1,0,3,12,0,0,0,0,0,0,0,0,0,0,0,0,0,0,0,0,0,0,0,0
"Battle, Jackie",2875,SD,SD,9012,RB,15,0,0,0,0,0,0,0,0,91,314,3,0,14,14,107,1,0,0,0,0,0,0,0,0,0,0,0,0
"Beasley, Cole",12699,DAL,DAL,9014,WR,12,0,0,0,0,0,0,0,0,0,0,0,0,24,15,128,0,0,0,0,0,0,0,0,0,0,0,0,0
"Beckum, Travis",11100,NYG,NYG,9015,TE,4,0,0,0,0,0,0,0,0,0,0,0,0,1,0,0,0,0,0,0,0,0,0,0,0,0,0,0,0
"Bell, Joique",11754,DET,DET,9020,RB,16,0,0,0,0,0,0,0,0,82,414,3,0,68,52,485,0,0,0,0,0,0,0,0,0,0,0,0,2
"Bell, Khalil",11349,CHI,CHI,9019,RB,8,0,0,0,0,0,0,0,0,16,44,0,0,2,2,13,0,0,0,0,0,0,0,0,0,0,0,0,1
"Benjamin, Travis",12374,CLE,CLE,9006,WR,14,0,0,0,0,0,0,0,0,6,66,0,0,37,18,298,2,0,0,0,0,0,0,0,0,0,0,0,1
"Benn, Arrelious",11449,TB,TB,9023,WR,14,0,0,0,0,0,0,0,0,3,16,0,0,6,4,26,0,0,0,0,0,0,0,0,0,0,0,0,0
"Bennett, Earl",2891,CHI,CHI,9019,WR,12,0,0,0,0,0,0,0,0,0,0,0,0,49,29,375,2,0,0,0,0,0,0,0,0,0,0,0,0
"Bennett, Martellus",2892,NYG,NYG,9015,TE,16,0,0,0,0,0,0,0,0,0,0,0,0,90,55,626,5,0,0,0,0,0,0,0,0,0,0,0,0
"Benson, Cedric",2474,GB,GB,9021,RB,16,0,0,0,0,0,0,0,0,71,248,1,0,15,14,97,0,0,0,0,0,0,0,0,0,0,0,0,0
"Berry, Damien",12677,BAL,BAL,9030,RB,16,0,0,0,0,0,0,0,0,0,0,0,0,0,0,0,0,0,0,0,0,0,0,0,0,0,0,0,0
"Bess, Davone",2986,MIA,MIA,9002,WR,13,0,0,0,0,0,0,0,0,0,0,0,0,105,61,778,1,0,0,0,0,0,0,0,0,0,0,0,0
"Binns, Armon",12265,MIA,MIA,9002,WR,10,0,0,0,0,0,0,0,0,0,0,0,0,40,24,277,1,0,0,0,0,0,0,0,0,0,0,0,1
"Bironas, Rob",3173,TEN,TEN,9007,PK,16,0,0,0,0,0,0,0,0,0,0,0,0,0,0,0,0,0,35,35,0,25,31,0,6,13,5,1,0
"Blackmon, Justin",12280,JAC,JAC,9029,WR,16,0,0,0,0,0,0,0,0,2,23,0,0,132,64,865,5,1,0,0,0,0,0,0,0,0,0,0,0
"Blount, LeGarrette",11746,TB,TB,9023,RB,16,0,0,0,0,0,0,0,0,41,151,2,0,2,1,2,0,0,0,0,0,0,0,0,0,0,0,0,0
"Bolden, Brandon",12754,NE,NE,9003,RB,14,0,0,0,0,0,0,0,0,56,274,2,0,2,2,11,0,0,0,0,0,0,0,0,0,0,0,0,0
"Boldin, Anquan",2267,BAL,BAL,9030,WR,15,0,0,0,0,0,0,0,0,1,3,0,0,112,65,921,4,1,0,0,0,0,0,0,0,0,0,0,0
"Bosher, Matt",12046,ATL,ATL,9024,P,16,0,0,0,0,0,0,0,0,0,0,0,0,0,0,0,0,0,0,0,0,0,0,0,0,0,0,0,0
"Boss, Kevin",2800,KC,KC,9010,TE,14,0,0,0,0,0,0,0,0,0,0,0,0,3,3,65,1,0,0,0,0,0,0,0,0,0,0,0,0
"Bowe, Dwayne",2758,KC,KC,9010,WR,16,0,0,0,0,0,0,0,0,0,0,0,0,114,59,801,3,0,0,0,0,0,0,0,0,0,0,0,1
"Boykin, Jarrett",12873,GB,GB,9021,WR,10,0,0,0,0,0,0,0,0,0,0,0,0,6,5,27,0,0,0,0,0,0,0,0,0,0,0,0,0
"Bradford, Sam",11411,STL,STL,9025,QB,16,329,552,3702,13,21,4,35,233,38,127,1,0,0,0,0,0,0,0,0,0,0,0,0,0,0,0,0,1
"Bradshaw, Ahmad",2832,NYG,NYG,9015,RB,14,0,0,0,0,0,0,0,0,221,1015,6,0,31,23,245,0,0,0,0,0,0,0,0,0,0,0,0,3
"Brady, Tom",1812,NE,NE,9003,QB,16,401,637,4827,8,34,0,27,182,23,32,4,0,0,0,0,0,0,0,0,0,0,0,0,0,0,0,0,0
"Branch, Deion",2119,NE,NE,9003,WR,11,0,0,0,0,0,0,0,0,0,0,0,0,29,16,145,0,0,0,0,0,0,0,0,0,0,0,0,0
"Brazill, LaVon",12480,IND,IND,9001,WR,16,0,0,0,0,0,0,0,0,0,0,0,0,24,11,186,1,0,0,0,0,0,0,0,0,0,0,0,1
"Breaston, Steve",2796,KC,KC,9010,WR,10,0,0,0,0,0,0,0,0,0,0,0,0,15,7,74,0,0,0,0,0,0,0,0,0,0,0,0,0
"Brees, Drew",1937,NO,NO,9026,QB,16,422,670,5177,19,43,0,26,190,15,5,1,0,0,0,0,0,0,0,0,0,0,0,0,0,0,0,0,1
"Brinkley, Curtis",11756,SD,SD,9012,RB,9,0,0,0,0,0,0,0,0,39,115,0,0,15,12,77,0,0,0,0,0,0,0,0,0,0,0,0,0
"Briscoe, Dezmon",11601,WAS,WAS,9018,WR,7,0,0,0,0,0,0,0,0,1,1,0,0,5,2,22,0,0,0,0,0,0,0,0,0,0,0,0,0
"Britt, Kenny",11030,TEN,TEN,9007,WR,15,0,0,0,0,0,0,0,0,0,0,0,0,90,45,589,4,1,0,0,0,0,0,0,0,0,0,0,1
"Brockel, Richie",12153,CAR,CAR,9028,TE,16,0,0,0,0,0,0,0,0,0,0,0,0,1,0,0,0,0,0,0,0,0,0,0,0,0,0,0,0
"Brown, Andre",11129,NYG,NYG,9015,RB,15,0,0,0,0,0,0,0,0,73,385,8,1,17,12,86,0,0,0,0,0,0,0,0,0,0,0,0,0
"Brown, Antonio",11605,PIT,PIT,9008,WR,13,0,2,0,1,0,0,0,0,7,24,0,0,106,66,787,5,0,0,0,0,0,0,0,0,0,0,0,2
"Brown, Bryce",12503,PHI,PHI,9016,RB,16,0,0,0,0,0,0,0,0,115,564,4,0,19,13,56,0,0,0,0,0,0,0,0,0,0,0,0,3
"Brown, Donald",11027,IND,IND,9001,RB,13,0,0,0,0,0,0,0,0,108,417,1,1,13,9,93,0,0,0,0,0,0,0,0,0,0,0,0,0
"Brown, Josh",3055,CIN,CIN,9005,PK,4,0,0,0,0,0,0,0,0,0,0,0,0,0,0,0,0,0,8,8,0,11,12,0,3,4,3,1,0
"Brown, Mike",12556,JAC,JAC,9029,WR,1,0,0,0,0,0,0,0,0,0,0,0,0,1,0,0,0,0,0,0,0,0,0,0,0,0,0,0,0
"Brown, Ronnie",2472,SD,SD,9012,RB,13,0,0,0,0,0,0,0,0,42,211,0,0,56,47,365,0,0,0,0,0,0,0,0,0,0,0,0,0
"Broyles, Ryan",12329,DET,DET,9020,WR,15,0,0,0,0,0,0,0,0,0,0,0,0,32,22,310,2,0,0,0,0,0,0,0,0,0,0,0,0
"Bryant, Dez",11434,DAL,DAL,9014,WR,16,0,0,0,0,0,0,0,0,2,-5,0,0,138,92,1382,12,1,0,0,0,0,0,0,0,0,0,0,2
"Bryant, Matt",3045,ATL,ATL,9024,PK,16,0,0,0,0,0,0,0,0,0,0,0,0,0,0,0,0,0,44,44,0,33,38,0,9,10,10,4,0
"Burleson, Nate",2273,DET,DET,9020,WR,16,0,0,0,0,0,0,0,0,8,48,0,0,43,27,240,2,1,0,0,0,0,0,0,0,0,0,0,0
"Burress, Plaxico",1748,PIT,PIT,9008,WR,4,0,0,0,0,0,0,0,0,0,0,0,0,7,3,42,1,0,0,0,0,0,0,0,0,0,0,0,0
"Burton, Stephen",12090,MIN,MIN,9022,WR,12,0,0,0,0,0,0,0,0,0,0,0,0,11,5,35,1,0,0,0,0,0,0,0,0,0,0,0,0
"Bush, Michael",2787,CHI,CHI,9019,RB,16,0,0,0,0,0,0,0,0,114,411,5,0,11,9,83,0,0,0,0,0,0,0,0,0,0,0,0,1
"Bush, Reggie",2604,MIA,MIA,9002,RB,16,0,0,0,0,0,0,0,0,227,986,6,0,52,35,292,2,0,0,0,0,0,0,0,0,0,0,0,2
"Butler, Drew",12789,PIT,PIT,9008,P,16,0,0,0,0,0,0,0,0,0,0,0,0,0,0,0,0,0,0,0,0,0,0,0,0,0,0,0,0
"Byham, Nate",11592,TB,TB,9023,TE,9,0,0,0,0,0,0,0,0,0,0,0,0,4,3,18,1,0,0,0,0,0,0,0,0,0,0,0,0
"Byrd, LaRon",12653,ARI,ARI,9017,WR,6,0,0,0,0,0,0,0,0,0,0,0,0,2,1,8,0,0,0,0,0,0,0,0,0,0,0,0,0
"Cadet, Travaris",12769,NO,NO,9026,RB,13,0,0,0,0,0,0,0,0,1,5,0,0,8,5,44,0,0,0,0,0,0,0,0,0,0,0,0,1
"Caldwell, Andre",2900,DEN,DEN,9009,WR,8,0,0,0,0,0,0,0,0,1,14,0,0,4,1,18,0,0,0,0,0,0,0,0,0,0,0,0,0
"Camarillo, Greg",2703,NO,NO,9026,WR,2,0,0,0,0,0,0,0,0,0,0,0,0,5,4,44,0,0,0,0,0,0,0,0,0,0,0,0,0
"Cameron, Jordan",11956,CLE,CLE,9006,TE,14,0,0,0,0,0,0,0,0,0,0,0,0,40,20,226,1,0,0,0,0,0,0,0,0,0,0,0,0
"Campbell, Jason",2481,CHI,CHI,9019,QB,16,32,51,265,2,2,0,6,49,7,28,0,0,0,0,0,0,0,0,0,0,0,0,0,0,0,0,0,0
"Campbell, Tommie",12105,TEN,TEN,9007,CB,1,0,0,0,0,0,0,0,0,0,0,0,0,0,0,0,0,0,0,0,0,0,0,0,0,0,0,0,0
"Carlson, John",2901,MIN,MIN,9022,TE,14,0,0,0,0,0,0,0,0,0,0,0,0,14,8,43,0,0,0,0,0,0,0,0,0,0,0,0,0
"Carpenter, Dan",3201,MIA,MIA,9002,PK,16,0,0,0,0,0,0,0,0,0,0,0,0,0,0,0,0,0,26,26,0,22,27,0,3,9,8,2,0
"Carr, David",2096,NYG,NYG,9015,QB,16,2,3,19,0,0,0,1,6,3,-3,0,0,0,0,0,0,0,0,0,0,0,0,0,0,0,0,0,0
"Carter, Delone",11973,IND,IND,9001,RB,10,0,0,0,0,0,0,0,0,32,122,3,0,2,1,13,0,0,0,0,0,0,0,0,0,0,0,0,0
"Casey, James",11152,HOU,HOU,9031,RB,16,0,0,0,0,0,0,0,0,1,6,0,0,45,34,330,3,0,0,0,0,0,0,0,0,0,0,0,0
"Cassel, Matt",2541,KC,KC,9010,QB,15,161,277,1796,12,6,0,19,101,27,145,1,0,0,0,0,0,0,0,0,0,0,0,0,0,0,0,0,6
"Celek, Brent",2803,PHI,PHI,9016,TE,15,0,0,0,0,0,0,0,0,0,0,0,0,88,57,684,1,0,0,0,0,0,0,0,0,0,0,0,1
"Celek, Garrett",12874,SF,SF,9027,TE,13,0,0,0,0,0,0,0,0,0,0,0,0,7,4,51,0,0,0,0,0,0,0,0,0,0,0,0,0
"Chandler, Scott",2793,BUF,BUF,9000,TE,16,0,0,0,0,0,0,0,0,0,0,0,0,74,43,571,6,0,0,0,0,0,0,0,0,0,0,0,1
"Chapas, Shaun",12074,DET,DET,9020,RB,2,0,0,0,0,0,0,0,0,0,0,0,0,2,1,6,0,0,0,0,0,0,0,0,0,0,0,0,0
"Charles, Jamaal",2902,KC,KC,9010,RB,16,0,0,0,0,0,0,0,0,284,1509,5,0,48,37,236,1,0,0,0,0,0,0,0,0,0,0,0,3
"Charles, Orson",12390,CIN,CIN,9005,TE,16,0,0,0,0,0,0,0,0,0,0,0,0,10,8,101,0,0,0,0,0,0,0,0,0,0,0,0,0
"Choice, Tashard",2903,BUF,BUF,9000,RB,16,0,0,0,0,0,0,0,0,47,193,1,0,9,4,9,0,0,0,0,0,0,0,0,0,0,0,0,0
"Clark, Dallas",2262,TB,TB,9023,TE,16,0,0,0,0,0,0,0,0,0,0,0,0,75,47,435,4,0,0,0,0,0,0,0,0,0,0,0,0
"Clay, Charles",12028,MIA,MIA,9002,RB,16,0,0,0,0,0,0,0,0,0,0,0,0,33,18,212,2,0,0,0,0,0,0,0,0,0,0,0,0
"Clayton, Thomas",2809,ARI,ARI,9017,RB,5,0,0,0,0,0,0,0,0,0,0,0,0,0,0,0,0,0,0,0,0,0,0,0,0,0,0,0,0
"Clemens, Kellen",2618,STL,STL,9025,QB,9,1,3,39,1,0,0,0,0,2,5,0,0,0,0,0,0,0,0,0,0,0,0,0,0,0,0,0,0
"Clemons, Toney",12505,JAC,JAC,9029,WR,4,0,0,0,0,0,0,0,0,0,0,0,0,11,3,41,0,0,0,0,0,0,0,0,0,0,0,0,0
"Cloherty, Colin",11408,JAC,JAC,9029,TE,5,0,0,0,0,0,0,0,0,0,0,0,0,0,0,0,0,0,0,0,0,0,0,0,0,0,0,0,0
"Clutts, Tyler",12185,HOU,HOU,9031,RB,16,0,0,0,0,0,0,0,0,0,0,0,0,0,0,0,0,0,0,0,0,0,0,0,0,0,0,0,0
"Cobb, Randall",11918,GB,GB,9021,WR,15,0,0,0,0,0,0,0,0,10,132,0,0,104,80,954,8,0,0,0,0,0,0,0,0,0,0,0,1
"Coffman, Chase",11098,ATL,ATL,9024,TE,2,0,0,0,0,0,0,0,0,0,0,0,0,1,1,11,0,0,0,0,0,0,0,0,0,0,0,0,0
"Collie, Austin",11127,IND,IND,9001,WR,2,0,0,0,0,0,0,0,0,0,0,0,0,1,1,6,0,0,0,0,0,0,0,0,0,0,0,0,0
"Collins, Jed",3210,NO,NO,9026,RB,16,0,0,0,0,0,0,0,0,0,0,0,0,16,14,70,2,0,0,0,0,0,0,0,0,0,0,0,1
"Colquitt, Britton",11398,DEN,DEN,9009,P,16,0,0,0,0,0,0,0,0,0,0,0,0,0,0,0,0,0,0,0,0,0,0,0,0,0,0,0,0
"Colquitt, Dustin",3167,KC,KC,9010,P,16,0,0,0,0,0,0,0,0,0,0,0,0,0,0,0,0,0,0,0,0,0,0,0,0,0,0,0,0
"Colston, Marques",2681,NO,NO,9026,WR,16,0,0,0,0,0,0,0,0,0,0,0,0,130,83,1154,10,0,0,0,0,0,0,0,0,0,0,0,2
"Cone, Kevin",12268,ATL,ATL,9024,WR,13,0,0,0,0,0,0,0,0,0,0,0,0,1,0,0,0,0,0,0,0,0,0,0,0,0,0,0,0
"Conner, John",11549,NYJ,NYJ,9004,RB,14,0,0,0,0,0,0,0,0,0,0,0,0,1,0,0,0,0,0,0,0,0,0,0,0,0,0,0,0
"Considine, Sean",8176,BAL,BAL,9030,S,1,0,0,0,0,0,0,0,0,1,3,0,0,0,0,0,0,0,0,0,0,0,0,0,0,0,0,0,0
"Cook, Jared",11089,TEN,TEN,9007,TE,16,0,0,0,0,0,0,0,0,0,0,0,0,72,44,523,4,0,0,0,0,0,0,0,0,0,0,0,1
"Cooley, Chris",3098,WAS,WAS,9018,TE,9,0,0,0,0,0,0,0,0,0,0,0,0,3,1,8,0,0,0,0,0,0,0,0,0,0,0,0,0
"Cooper, Josh",12545,CLE,CLE,9006,WR,6,0,0,0,0,0,0,0,0,0,0,0,0,18,8,106,0,0,0,0,0,0,0,0,0,0,0,0,0
"Cooper, Riley",11569,PHI,PHI,9016,WR,11,0,0,0,0,0,0,0,0,0,0,0,0,47,23,248,3,0,0,0,0,0,0,0,0,0,0,0,0
"Copper, Terrance",2448,KC,KC,9010,WR,16,0,0,0,0,0,0,0,0,1,1,0,0,12,8,79,0,0,0,0,0,0,0,0,0,0,0,0,0
"Cotchery, Jerricho",3105,PIT,PIT,9008,WR,14,0,0,0,0,0,0,0,0,0,0,0,0,27,17,205,0,0,0,0,0,0,0,0,0,0,0,0,0
"Cousins, Kirk",12376,WAS,WAS,9018,QB,16,33,48,466,3,4,0,3,27,3,22,0,1,0,0,0,0,0,0,0,0,0,0,0,0,0,0,0,0
"Cox, Mike",2982,ATL,ATL,9024,RB,5,0,0,0,0,0,0,0,0,0,0,0,0,3,3,22,0,0,0,0,0,0,0,0,0,0,0,0,0
"Crabtree, Michael",11010,SF,SF,9027,WR,15,0,0,0,0,0,0,0,0,1,8,0,0,121,81,1074,9,0,0,0,0,0,0,0,0,0,0,0,0
"Crabtree, Tom",11692,GB,GB,9021,TE,14,0,0,0,0,0,0,0,0,0,0,0,0,12,8,203,3,0,0,0,0,0,0,0,0,0,0,0,0
"Crank, Jared",12661,ARI,ARI,9017,RB,10,0,0,0,0,0,0,0,0,0,0,0,0,0,0,0,0,0,0,0,0,0,0,0,0,0,0,0,0
"Cribbs, Josh",2556,CLE,CLE,9006,WR,16,0,0,0,0,0,0,0,0,6,42,0,0,11,7,63,0,0,0,0,0,0,0,0,0,0,0,0,3
"Criner, Juron",12442,OAK,OAK,9011,WR,13,0,0,0,0,0,0,0,0,0,0,0,0,33,16,151,1,1,0,0,0,0,0,0,0,0,0,0,0
"Cromartie, Antonio",8337,NYJ,NYJ,9004,CB,4,0,0,0,0,0,0,0,0,0,0,0,0,1,1,-2,0,0,0,0,0,0,0,0,0,0,0,0,0
"Crosby, Mason",3189,GB,GB,9021,PK,16,0,0,0,0,0,0,0,0,0,0,0,0,0,0,0,0,0,50,50,0,21,33,0,5,5,9,2,0
"Cruz, Victor",11721,NYG,NYG,9015,WR,16,0,0,0,0,0,0,0,0,0,0,0,0,143,86,1092,10,0,0,0,0,0,0,0,0,0,0,0,0
"Cumberland, Jeff",11723,NYJ,NYJ,9004,TE,15,0,0,0,0,0,0,0,0,0,0,0,0,53,29,359,3,0,0,0,0,0,0,0,0,0,0,0,0
"Cundiff, Bill",2202,WAS,WAS,9018,PK,16,0,0,0,0,0,0,0,0,0,0,0,0,0,0,0,0,0,17,17,0,7,12,0,1,3,3,0,0
"Cutler, Jay",2608,CHI,CHI,9019,QB,15,255,434,3033,14,19,0,38,257,41,233,0,0,0,0,0,0,0,0,0,0,0,0,0,0,0,0,0,4
"Dalton, Andy",11889,CIN,CIN,9005,QB,16,329,528,3669,16,27,0,46,229,47,120,4,0,0,0,0,0,0,0,0,0,0,0,0,0,0,0,0,4
"Daniel, Chase",11322,NO,NO,9026,QB,16,1,1,10,0,0,0,0,0,3,17,0,0,0,0,0,0,0,0,0,0,0,0,0,0,0,0,0,0
"Daniels, Owen",2637,HOU,HOU,9031,TE,15,0,0,0,0,0,0,0,0,0,0,0,0,104,62,716,6,0,0,0,0,0,0,0,0,0,0,0,0
"Davis, Austin",12805,STL,STL,9025,QB,1,0,0,0,0,0,0,0,0,0,0,0,0,0,0,0,0,0,0,0,0,0,0,0,0,0,0,0,0
"Davis, Drew",12562,ATL,ATL,9024,WR,10,0,0,0,0,0,0,0,0,0,0,0,0,6,4,40,1,0,0,0,0,0,0,0,0,0,0,0,0
"Davis, Fred",2905,WAS,WAS,9018,TE,16,0,0,0,0,0,0,0,0,1,1,0,0,31,24,325,0,0,0,0,0,0,0,0,0,0,0,0,0
"Davis, Kellen",2906,CHI,CHI,9019,TE,16,0,0,0,0,0,0,0,0,0,0,0,0,44,19,229,2,0,0,0,0,0,0,0,0,0,0,0,1
"Davis, Vernon",2606,SF,SF,9027,TE,15,0,0,0,0,0,0,0,0,0,0,0,0,61,41,548,5,0,0,0,0,0,0,0,0,0,0,0,0
"Dawson, Phil",1699,CLE,CLE,9006,PK,16,0,0,0,0,0,0,0,0,0,0,0,0,0,0,0,0,0,29,29,0,29,31,0,8,8,6,7,0
"Decker, Eric",11497,DEN,DEN,9009,WR,16,0,0,0,0,0,0,0,0,0,0,0,0,122,85,1064,13,0,0,0,0,0,0,0,0,0,0,0,0
"Demps, Jeff",12758,NE,NE,9003,RB,16,0,0,0,0,0,0,0,0,0,0,0,0,0,0,0,0,0,0,0,0,0,0,0,0,0,0,0,0
"Devlin, Pat",12257,MIA,MIA,9002,QB,1,0,0,0,0,0,0,0,0,0,0,0,0,0,0,0,0,0,0,0,0,0,0,0,0,0,0,0,0
"Dickerson, Dorin",11637,BUF,BUF,9000,TE,16,0,0,0,0,0,0,0,0,1,-8,0,0,15,9,117,0,0,0,0,0,0,0,0,0,0,0,0,1
"Dickson, Ed",11480,BAL,BAL,9030,TE,14,0,0,0,0,0,0,0,0,0,0,0,0,33,21,225,0,0,0,0,0,0,0,0,0,0,0,0,0
"Dixon, Anthony",11583,SF,SF,9027,RB,15,0,0,0,0,0,0,0,0,21,78,2,0,0,0,0,0,0,0,0,0,0,0,0,0,0,0,0,0
"Doss, Tandon",11977,BAL,BAL,9030,WR,14,0,0,0,0,0,0,0,0,0,0,0,0,17,7,123,1,0,0,0,0,0,0,0,0,0,0,0,0
"Doucet, Early",2908,ARI,ARI,9017,WR,12,0,0,0,0,0,0,0,0,2,9,0,0,53,28,207,0,0,0,0,0,0,0,0,0,0,0,0,0
"Douglas, Harry",2909,ATL,ATL,9024,WR,15,0,0,0,0,0,0,0,0,2,4,0,0,59,38,396,1,0,0,0,0,0,0,0,0,0,0,0,0
"Draughn, Shaun",12271,KC,KC,9010,RB,16,0,0,0,0,0,0,0,0,59,233,2,0,30,24,158,0,0,0,0,0,0,0,0,0,0,0,0,1
"Dray, Jim",11643,ARI,ARI,9017,TE,13,0,0,0,0,0,0,0,0,0,0,0,0,2,2,15,0,0,0,0,0,0,0,0,0,0,0,0,0
"Dreessen, Joel",2531,DEN,DEN,9009,TE,16,0,0,0,0,0,0,0,0,0,0,0,0,58,41,356,5,0,0,0,0,0,0,0,0,0,0,0,0
"Driver, Donald",1676,GB,GB,9021,WR,13,0,0,0,0,0,0,0,0,0,0,0,0,13,8,77,2,0,0,0,0,0,0,0,0,0,0,0,0
"Dunbar, Lance",12648,DAL,DAL,9014,RB,12,0,0,0,0,0,0,0,0,21,75,0,0,12,6,33,0,0,0,0,0,0,0,0,0,0,0,0,0
"Durham, Kris",11961,DET,DET,9020,WR,4,0,0,0,0,0,0,0,0,0,0,0,0,21,8,125,1,0,0,0,0,0,0,0,0,0,0,0,0
"Dwyer, Jonathan",11598,PIT,PIT,9008,RB,13,0,0,0,0,0,0,0,0,156,623,2,0,25,18,106,0,0,0,0,0,0,0,0,0,0,0,0,2
"Eachus, Nate",12735,KC,KC,9010,RB,15,0,0,0,0,0,0,0,0,5,18,0,0,3,1,19,0,0,0,0,0,0,0,0,0,0,0,0,0
"Edelman, Julian",11232,NE,NE,9003,WR,13,0,0,0,0,0,0,0,0,4,45,0,0,32,21,235,3,0,0,0,0,0,0,0,0,0,0,0,1
"Edwards, Armanti",11499,CAR,CAR,9028,WR,16,0,1,0,0,0,0,0,0,0,0,0,0,9,5,121,0,0,0,0,0,0,0,0,0,0,0,0,0
"Edwards, Braylon J.",2473,NYJ,NYJ,9004,WR,15,0,0,0,0,0,0,0,0,0,0,0,0,35,15,152,1,0,0,0,0,0,0,0,0,0,0,0,0
"Edwards, Trent",2784,PHI,PHI,9016,QB,9,2,2,14,0,0,0,0,0,0,0,0,0,1,0,0,0,0,0,0,0,0,0,0,0,0,0,0,0
"Egnew, Michael",12352,MIA,MIA,9002,TE,2,0,0,0,0,0,0,0,0,0,0,0,0,0,0,0,0,0,0,0,0,0,0,0,0,0,0,0,0
"Elliott, Kevin",12730,JAC,JAC,9029,WR,16,0,0,0,0,0,0,0,0,0,0,0,0,31,10,108,0,0,0,0,0,0,0,0,0,0,0,0,0
"Ellison, Rhett",12402,MIN,MIN,9022,TE,16,0,0,0,0,0,0,0,0,0,0,0,0,9,7,65,0,0,0,0,0,0,0,0,0,0,0,0,0
"Epps, Dedrick",11645,NYJ,NYJ,9004,TE,13,0,0,0,0,0,0,0,0,0,0,0,0,1,1,9,0,0,0,0,0,0,0,0,0,0,0,0,1
"Fannin, Mario",12703,DEN,DEN,9009,RB,16,0,0,0,0,0,0,0,0,0,0,0,0,0,0,0,0,0,0,0,0,0,0,0,0,0,0,0,0
"Fasano, Anthony",2620,MIA,MIA,9002,TE,16,0,0,0,0,0,0,0,0,0,0,0,0,69,41,332,5,1,0,0,0,0,0,0,0,0,0,0,0
"Feely, Jay",2015,ARI,ARI,9017,PK,16,0,0,0,0,0,0,0,0,1,0,0,0,0,0,0,0,0,25,25,0,25,28,0,6,9,7,2,0
"Fells, Daniel",2706,NE,NE,9003,TE,13,0,0,0,0,0,0,0,0,0,0,0,0,10,4,85,0,0,0,0,0,0,0,0,0,0,0,0,0
"Felton, Jerome",2910,MIN,MIN,9022,RB,16,0,0,0,0,0,0,0,0,0,0,0,0,4,3,35,0,0,0,0,0,0,0,0,0,0,0,0,0
"Fields, Brandon",3190,MIA,MIA,9002,P,16,0,1,0,0,0,0,0,0,1,0,0,0,0,0,0,0,0,0,0,0,0,0,0,0,0,0,0,0
"Finley, Jermichael",2912,GB,GB,9021,TE,16,0,0,0,0,0,0,0,0,0,0,0,0,86,61,667,2,0,0,0,0,0,0,0,0,0,0,0,1
"Fitzgerald, Larry",3061,ARI,ARI,9017,WR,16,0,0,0,0,0,0,0,0,0,0,0,0,156,71,798,4,0,0,0,0,0,0,0,0,0,0,0,0
"Fitzpatrick, Ryan",2548,BUF,BUF,9000,QB,16,306,505,3400,16,24,0,30,161,48,197,1,0,0,0,0,0,0,0,0,0,0,0,0,0,0,0,0,6
"Flacco, Joe",2913,BAL,BAL,9030,QB,16,317,531,3817,10,22,1,35,227,32,22,3,0,0,0,0,0,0,0,0,0,0,0,0,0,0,0,0,4
"Fleener, Coby",12309,IND,IND,9001,TE,12,0,0,0,0,0,0,0,0,0,0,0,0,48,26,281,2,0,0,0,0,0,0,0,0,0,0,0,0
"Floyd, Malcom",1052,SD,SD,9012,WR,15,0,0,0,0,0,0,0,0,0,0,0,0,79,52,747,5,0,0,0,0,0,0,0,0,0,0,0,0
"Floyd, Michael",12288,ARI,ARI,9017,WR,16,0,0,0,0,0,0,0,0,0,0,0,0,86,45,562,2,0,0,0,0,0,0,0,0,0,0,0,1
"Flynn, Matt",2914,SEA,SEA,9013,QB,16,5,9,68,0,0,0,0,0,4,-5,0,0,0,0,0,0,0,0,0,0,0,0,0,0,0,0,0,0
"Foles, Nick",12362,PHI,PHI,9016,QB,16,161,265,1699,5,6,0,20,131,11,42,1,0,0,0,0,0,0,0,0,0,0,0,0,0,0,0,0,3
"Folk, Nick",3188,NYJ,NYJ,9004,PK,16,0,0,0,0,0,0,0,0,0,0,0,0,0,0,0,0,0,30,30,0,21,27,0,7,6,5,3,0
"Forbath, Kai",13009,WAS,WAS,9018,PK,10,0,0,0,0,0,0,0,0,0,0,0,0,0,0,0,0,0,28,29,0,16,17,0,3,2,10,1,0
"Ford, Jacoby",11518,OAK,OAK,9011,WR,15,0,0,0,0,0,0,0,0,0,0,0,0,0,0,0,0,0,0,0,0,0,0,0,0,0,0,0,0
"Forsett, Justin",2915,HOU,HOU,9031,RB,16,0,0,0,0,0,0,0,0,63,375,1,0,5,3,38,0,0,0,0,0,0,0,0,0,0,0,0,0
"Forte, Matt",2916,CHI,CHI,9019,RB,15,0,0,0,0,0,0,0,0,248,1094,5,0,60,44,340,1,0,0,0,0,0,0,0,0,0,0,0,1
"Foster, Arian",11345,HOU,HOU,9031,RB,16,0,0,0,0,0,0,0,0,351,1424,15,0,58,40,217,2,0,0,0,0,0,0,0,0,0,0,0,2
"Freeman, Josh",11017,TB,TB,9023,QB,16,306,558,4065,17,27,1,26,161,39,139,0,0,0,0,0,0,0,0,0,0,0,0,0,0,0,0,0,2
"Gabbert, Blaine",11864,JAC,JAC,9029,QB,16,162,278,1662,6,9,2,22,158,18,56,0,0,0,0,0,0,0,0,0,0,0,0,0,0,0,0,0,3
"Gaffney, Jabar",2107,MIA,MIA,9002,WR,3,0,0,0,0,0,0,0,0,0,0,0,0,10,4,68,0,0,0,0,0,0,0,0,0,0,0,0,0
"Gallarda, Tommy",12665,ATL,ATL,9024,TE,16,0,0,0,0,0,0,0,0,0,0,0,0,4,1,7,0,0,0,0,0,0,0,0,0,0,0,0,0
"Ganaway, Terrance",12476,STL,STL,9025,RB,3,0,0,0,0,0,0,0,0,0,0,0,0,0,0,0,0,0,0,0,0,0,0,0,0,0,0,0,0
"Gano, Graham",11369,CAR,CAR,9028,PK,6,0,0,0,0,0,0,0,0,0,0,0,0,0,0,0,0,0,20,21,0,9,11,0,3,3,2,1,0
"Garcon, Pierre",2918,WAS,WAS,9018,WR,10,0,0,0,0,0,0,0,0,2,9,0,0,67,44,633,4,0,0,0,0,0,0,0,0,0,0,0,0
"Gates, Antonio",2373,SD,SD,9012,TE,14,0,0,0,0,0,0,0,0,0,0,0,0,76,47,521,7,0,0,0,0,0,0,0,0,0,0,0,0
"Gates, Clyde",12766,NYJ,NYJ,9004,WR,11,0,0,0,0,0,0,0,0,1,12,0,0,35,14,187,0,0,0,0,0,0,0,0,0,0,0,0,0
"Gates, Edmond",11965,NYJ,NYJ,9004,WR,1,0,0,0,0,0,0,0,0,0,0,0,0,0,1,10,0,0,0,0,0,0,0,0,0,0,0,0,0
"Gerhart, Toby",11461,MIN,MIN,9022,RB,16,0,0,0,0,0,0,0,0,50,169,1,0,27,20,155,0,0,0,0,0,0,0,0,0,0,0,0,2
"Gibson, Brandon",11194,STL,STL,9025,WR,16,0,0,0,0,0,0,0,0,0,0,0,0,82,51,691,5,0,0,0,0,0,0,0,0,0,0,0,0
"Gilreath, David",12618,PIT,PIT,9008,WR,2,0,0,0,0,0,0,0,0,1,7,0,0,2,0,0,0,0,0,0,0,0,0,0,0,0,0,0,0
"Gilyard, Mardy",11509,NYJ,NYJ,9004,WR,8,0,0,0,0,0,0,0,0,0,0,0,0,6,2,15,0,0,0,0,0,0,0,0,0,0,0,0,0
"Ginn, Ted",2755,SF,SF,9027,WR,12,0,0,0,0,0,0,0,0,1,7,0,0,2,2,1,0,0,0,0,0,0,0,0,0,0,0,0,1
"Givens, Chris",12370,STL,STL,9025,WR,15,0,0,0,0,0,0,0,0,3,12,0,0,80,42,698,3,1,0,0,0,0,0,0,0,0,0,0,0
"Goldson, Dashon",8580,SF,SF,9027,S,3,0,0,0,0,0,0,0,0,1,31,0,0,0,0,0,0,0,0,0,0,0,0,0,0,0,0,0,0
"Gonzalez, Tony",1392,ATL,ATL,9024,TE,16,0,0,0,0,0,0,0,0,0,0,0,0,124,93,930,8,0,0,0,0,0,0,0,0,0,0,0,0
"Goodman, Richard",11768,SD,SD,9012,WR,15,0,0,0,0,0,0,0,0,0,0,0,0,2,0,0,0,0,0,0,0,0,0,0,0,0,0,0,0
"Goodson, Mike",11111,OAK,OAK,9011,RB,12,0,0,0,0,0,0,0,0,35,221,0,0,16,16,195,1,0,0,0,0,0,0,0,0,0,0,0,0
"Gordon, Josh",12692,CLE,CLE,9006,WR,16,0,0,0,0,0,0,0,0,0,0,0,0,95,50,805,5,0,0,0,0,0,0,0,0,0,0,0,1
"Gordon, Richard",12035,OAK,OAK,9011,TE,13,0,0,0,0,0,0,0,0,0,0,0,0,7,2,9,1,0,0,0,0,0,0,0,0,0,0,0,0
"Gore, Frank",2491,SF,SF,9027,RB,15,0,0,0,0,0,0,0,0,243,1081,8,0,30,23,183,1,0,0,0,0,0,0,0,0,0,0,0,1
"Gostkowski, Stephen",3180,NE,NE,9003,PK,16,0,0,0,0,0,0,0,0,0,0,0,0,0,0,0,0,0,66,66,0,29,35,0,8,10,9,2,0
"Gould, Robbie",3177,CHI,CHI,9019,PK,16,0,0,0,0,0,0,0,0,0,0,0,0,0,0,0,0,0,33,33,0,21,25,0,7,5,7,2,0
"Gradkowski, Bruce",2668,CIN,CIN,9005,QB,16,5,11,65,0,0,0,0,0,4,-2,0,0,0,0,0,0,0,0,0,0,0,0,0,0,0,0,0,0
"Graham, Ben",3172,DET,DET,9020,P,4,0,0,0,0,0,0,0,0,0,0,0,0,0,0,0,0,0,0,0,0,0,0,0,0,0,0,0,0
"Graham, Daniel",2104,NO,NO,9026,TE,15,0,0,0,0,0,0,0,0,0,0,0,0,0,0,0,0,0,0,0,0,0,0,0,0,0,0,0,0
"Graham, Garrett",11528,HOU,HOU,9031,TE,15,0,0,0,0,0,0,0,0,0,0,0,0,39,28,263,3,0,0,0,0,0,0,0,0,0,0,0,0
"Graham, Jimmy",11505,NO,NO,9026,TE,15,0,0,0,0,0,0,0,0,0,0,0,0,135,85,982,9,0,0,0,0,0,0,0,0,0,0,0,0
"Graham, Shayne",2077,HOU,HOU,9031,PK,16,0,0,0,0,0,0,0,0,0,0,0,0,0,0,0,0,0,45,45,0,31,38,0,9,11,7,4,0
"Graham, TJ",12343,BUF,BUF,9000,WR,16,0,0,0,0,0,0,0,0,1,5,0,0,58,31,322,1,0,0,0,0,0,0,0,0,0,0,0,0
"Grant, Ryan",2846,GB,GB,9021,RB,7,0,0,0,0,0,0,0,0,32,132,2,0,2,1,34,0,0,0,0,0,0,0,0,0,0,0,0,1
"Gray, Cyrus",12456,KC,KC,9010,RB,10,0,0,0,0,0,0,0,0,7,44,0,0,3,2,18,0,0,0,0,0,0,0,0,0,0,0,0,0
"Gray, Jonas",12750,MIA,MIA,9002,RB,16,0,0,0,0,0,0,0,0,0,0,0,0,0,0,0,0,0,0,0,0,0,0,0,0,0,0,0,0
"Green, A.J.",11858,CIN,CIN,9005,WR,16,0,0,0,0,0,0,0,0,4,38,0,0,164,97,1350,11,0,0,0,0,0,0,0,0,0,0,0,1
"Green, Alex",11950,GB,GB,9021,RB,15,0,0,0,0,0,0,0,0,134,456,0,0,29,19,133,0,0,0,0,0,0,0,0,0,0,0,0,0
"Green, Ladarius",12384,SD,SD,9012,TE,4,0,0,0,0,0,0,0,0,0,0,0,0,1,1,31,0,0,0,0,0,0,0,0,0,0,0,0,0
"Green, Virgil",12058,DEN,DEN,9009,TE,10,0,0,0,0,0,0,0,0,0,0,0,0,6,5,63,0,0,0,0,0,0,0,0,0,0,0,0,0
"Greene, Shonn",11065,NYJ,NYJ,9004,RB,16,0,0,0,0,0,0,0,0,276,1063,8,0,30,19,151,0,0,0,0,0,0,0,0,0,0,0,0,1
"Green-Ellis, BenJarvus",2997,CIN,CIN,9005,RB,16,0,0,0,0,0,0,0,0,278,1094,6,0,30,22,104,0,0,0,0,0,0,0,0,0,0,0,0,2
"Gresham, Jermaine",11431,CIN,CIN,9005,TE,16,0,0,0,0,0,0,0,0,0,0,0,0,94,64,737,5,0,0,0,0,0,0,0,0,0,0,0,1
"Griffin III, Robert",12277,WAS,WAS,9018,QB,16,258,393,3200,5,20,0,31,228,119,826,7,0,1,0,0,0,0,0,0,0,0,0,0,0,0,0,0,2
"Grimes, Jonathan",12576,NYJ,NYJ,9004,RB,10,0,0,0,0,0,0,0,0,2,6,0,0,2,2,7,0,0,0,0,0,0,0,0,0,0,0,0,0
"Gronkowski, Chris",11686,DEN,DEN,9009,RB,14,0,0,0,0,0,0,0,0,0,0,0,0,1,1,11,0,0,0,0,0,0,0,0,0,0,0,0,0
"Gronkowski, Rob",11452,NE,NE,9003,TE,11,0,0,0,0,0,0,0,0,0,0,0,0,79,55,790,11,0,0,0,0,0,0,0,0,0,0,0,1
"Grossman, Rex",2260,WAS,WAS,9018,QB,2,0,0,0,0,0,0,0,0,0,0,0,0,0,0,0,0,0,0,0,0,0,0,0,0,0,0,0,0
"Hagan, Derek",2629,OAK,OAK,9011,WR,14,0,0,0,0,0,0,0,0,0,0,0,0,36,20,259,0,0,0,0,0,0,0,0,0,0,0,0,0
"Hanie, Caleb",2978,DEN,DEN,9009,QB,1,0,0,0,0,0,0,0,0,0,0,0,0,0,0,0,0,0,0,0,0,0,0,0,0,0,0,0,0
"Hankerson, Leonard",11933,WAS,WAS,9018,WR,16,0,0,0,0,0,0,0,0,2,5,0,0,57,38,543,3,0,0,0,0,0,0,0,0,0,0,0,0
"Hanks, Darius",12823,WAS,WAS,9018,WR,16,0,0,0,0,0,0,0,0,0,0,0,0,0,0,0,0,0,0,0,0,0,0,0,0,0,0,0,0
"Hanna, James",12460,DAL,DAL,9014,TE,16,0,0,0,0,0,0,0,0,0,0,0,0,11,8,86,0,0,0,0,0,0,0,0,0,0,0,0,0
"Hanson, Jason",840,DET,DET,9020,PK,16,0,0,0,0,0,0,0,0,0,0,0,0,0,0,0,0,0,38,38,0,32,36,0,4,10,16,2,0
"Harbor, Clay",11535,PHI,PHI,9016,TE,16,0,0,0,0,0,0,0,0,0,0,0,0,39,25,186,2,0,0,0,0,0,0,0,0,0,0,0,1
"Hardesty, Montario",11469,CLE,CLE,9006,RB,16,0,0,0,0,0,0,0,0,65,271,1,0,5,2,16,0,0,0,0,0,0,0,0,0,0,0,0,0
"Harkey, Cory",12810,STL,STL,9025,TE,1,0,0,0,0,0,0,0,0,0,0,0,0,1,1,21,0,0,0,0,0,0,0,0,0,0,0,0,0
"Harper, Jamie",11984,TEN,TEN,9007,RB,12,0,0,0,0,0,0,0,0,19,30,3,0,1,1,8,0,0,0,0,0,0,0,0,0,0,0,0,0
"Harrell, Graham",11828,GB,GB,9021,QB,16,2,4,20,0,0,0,0,0,4,-3,0,0,0,0,0,0,0,0,0,0,0,0,0,0,0,0,0,1
"Harris, DuJuan",12232,GB,GB,9021,RB,4,0,0,0,0,0,0,0,0,34,157,2,0,2,2,17,0,0,0,0,0,0,0,0,0,0,0,0,0
"Harris, Dwayne",12030,DAL,DAL,9014,WR,16,0,0,0,0,0,0,0,0,0,0,0,0,31,17,222,1,1,0,0,0,0,0,0,0,0,0,0,0
"Hartley, Garrett",3205,NO,NO,9026,PK,16,0,0,0,0,0,0,0,0,0,0,0,0,0,0,0,0,0,57,57,0,18,22,0,9,4,2,3,0
"Hartline, Brian",11108,MIA,MIA,9002,WR,16,0,0,0,0,0,0,0,0,0,0,0,0,131,74,1083,1,0,0,0,0,0,0,0,0,0,0,0,1
"Hartsock, Ben",3095,CAR,CAR,9028,TE,15,0,0,0,0,0,0,0,0,0,0,0,0,3,2,30,0,0,0,0,0,0,0,0,0,0,0,0,0
"Harvin, Percy",11022,MIN,MIN,9022,WR,13,0,0,0,0,0,0,0,0,22,96,1,0,85,62,677,3,0,0,0,0,0,0,0,0,0,0,0,1
"Hasselbeck, Matt",1588,TEN,TEN,9007,QB,16,138,221,1367,5,7,1,14,103,13,38,0,0,0,0,0,0,0,0,0,0,0,0,0,0,0,0,0,1
"Hauschka, Steven",3202,SEA,SEA,9013,PK,16,0,0,0,0,0,0,0,0,0,0,0,0,0,0,0,0,0,46,48,0,24,27,0,8,10,5,1,0
"Havili, Stanley",12094,PHI,PHI,9016,RB,16,0,0,0,0,0,0,0,0,6,22,1,0,12,7,43,0,0,0,0,0,0,0,0,0,0,0,0,0
"Hawkins, Andrew",12194,CIN,CIN,9005,WR,14,0,0,0,0,0,0,0,0,6,30,0,0,80,51,533,4,0,0,0,0,0,0,0,0,0,0,0,0
"Hawkins, Lavelle",2922,TEN,TEN,9007,WR,7,0,0,0,0,0,0,0,0,0,0,0,0,11,5,62,0,0,0,0,0,0,0,0,0,0,0,0,0
"Heap, Todd",1936,ARI,ARI,9017,TE,2,0,0,0,0,0,0,0,0,0,0,0,0,13,8,94,0,0,0,0,0,0,0,0,0,0,0,0,0
"Hekker, Johnny",12807,STL,STL,9025,P,16,3,3,42,0,1,0,0,0,1,-9,0,0,0,0,0,0,0,0,0,0,0,0,0,0,0,0,0,0
"Heller, Will",2381,DET,DET,9020,TE,16,0,0,0,0,0,0,0,0,0,0,0,0,23,17,150,1,0,0,0,0,0,0,0,0,0,0,0,0
"Helu, Roy",11959,WAS,WAS,9018,RB,16,0,0,0,0,0,0,0,0,2,2,0,0,7,7,45,0,0,0,0,0,0,0,0,0,0,0,0,0
"Henderson, Devery",3089,NO,NO,9026,WR,15,0,0,0,0,0,0,0,0,1,13,0,0,47,22,316,1,0,0,0,0,0,0,0,0,0,0,0,0
"Henery, Alex",11974,PHI,PHI,9016,PK,16,0,0,0,0,0,0,0,0,0,0,0,0,0,0,0,0,0,25,26,0,27,31,0,8,8,11,0,0
"Henne, Chad",2923,JAC,JAC,9029,QB,16,166,308,2084,11,11,0,28,169,19,64,1,0,1,1,-6,0,0,0,0,0,0,0,0,0,0,0,0,2
"Henry, Chas",12166,PHI,PHI,9016,P,5,0,0,0,0,0,0,0,0,0,0,0,0,0,0,0,0,0,0,0,0,0,0,0,0,0,0,0,0
"Herman, Brad",12759,NE,NE,9003,TE,16,0,0,0,0,0,0,0,0,0,0,0,0,0,0,0,0,0,0,0,0,0,0,0,0,0,0,0,0
"Hernandez, Aaron",11523,NE,NE,9003,TE,10,0,0,0,0,0,0,0,0,1,5,0,0,83,51,483,5,0,0,0,0,0,0,0,0,0,0,0,0
"Hernandez, Brian",12788,PHI,PHI,9016,WR,5,0,0,0,0,0,0,0,0,0,0,0,0,0,0,0,0,0,0,0,0,0,0,0,0,0,0,0,0
"Herron, Dan",12465,CIN,CIN,9005,RB,2,0,0,0,0,0,0,0,0,4,5,0,0,1,0,0,0,0,0,0,0,0,0,0,0,0,0,0,0
"Hester, Devin",8354,CHI,CHI,9019,WR,15,0,0,0,0,0,0,0,0,3,6,0,0,40,23,242,1,0,0,0,0,0,0,0,0,0,0,0,0
"Hester, Jacob",2925,DEN,DEN,9009,RB,3,0,0,0,0,0,0,0,0,17,81,2,0,1,1,7,0,0,0,0,0,0,0,0,0,0,0,0,0
"Heyward-Bey, Darrius",11007,OAK,OAK,9011,WR,15,0,0,0,0,0,0,0,0,2,16,0,0,80,41,606,5,0,0,0,0,0,0,0,0,0,0,0,0
"Higgins, Michael",12229,NO,NO,9026,TE,16,0,0,0,0,0,0,0,0,0,0,0,0,1,1,-3,0,0,0,0,0,0,0,0,0,0,0,0,0
"Hill, Jason",2778,NYJ,NYJ,9004,WR,11,0,0,0,0,0,0,0,0,0,0,0,0,3,2,15,1,0,0,0,0,0,0,0,0,0,0,0,0
"Hill, Shaun",2216,DET,DET,9020,QB,16,10,13,172,0,2,0,0,0,1,-1,0,0,0,0,0,0,0,0,0,0,0,0,0,0,0,0,0,0
"Hill, Stephen",12318,NYJ,NYJ,9004,WR,14,0,0,0,0,0,0,0,0,0,0,0,0,47,21,252,3,0,0,0,0,0,0,0,0,0,0,0,0
"Hilliard, Lex",2927,NYJ,NYJ,9004,RB,16,0,0,0,0,0,0,0,0,9,33,0,0,9,4,23,0,0,0,0,0,0,0,0,0,0,0,0,0
"Hillis, Peyton",2928,KC,KC,9010,RB,13,0,1,0,0,0,0,0,0,85,309,1,0,14,10,62,0,0,0,0,0,0,0,0,0,0,0,0,2
"Hillman, Ronnie",12341,DEN,DEN,9009,RB,14,0,0,0,0,0,0,0,0,84,327,1,0,12,10,62,0,0,0,0,0,0,0,0,0,0,0,0,1
"Hilton, TY",12366,IND,IND,9001,WR,16,0,1,0,0,0,0,0,0,5,29,0,0,90,50,861,7,0,0,0,0,0,0,0,0,0,0,0,0
"Hixon, Domenik",2648,NYG,NYG,9015,WR,13,0,0,0,0,0,0,0,0,0,0,0,0,59,39,567,2,0,0,0,0,0,0,0,0,0,0,0,0
"Hodges, Reggie",3168,CLE,CLE,9006,P,16,0,0,0,0,0,0,0,0,0,0,0,0,0,0,0,0,0,0,0,0,0,0,0,0,0,0,0,0
"Holliday, Trindon",11607,DEN,DEN,9009,WR,14,0,0,0,0,0,0,0,0,0,0,0,0,2,2,17,0,0,0,0,0,0,0,0,0,0,0,0,0
"Holmes, Andre",12245,DAL,DAL,9014,WR,7,0,0,0,0,0,0,0,0,0,0,0,0,1,1,7,0,0,0,0,0,0,0,0,0,0,0,0,0
"Holmes, Santonio",2610,NYJ,NYJ,9004,WR,4,0,0,0,0,0,0,0,0,0,0,0,0,41,20,272,1,0,0,0,0,0,0,0,0,0,0,0,1
"Hoomanawanui, Michael",11542,NE,NE,9003,TE,14,0,0,0,0,0,0,0,0,0,0,0,0,7,5,109,0,0,0,0,0,0,0,0,0,0,0,0,0
"Housler, Rob",11923,ARI,ARI,9017,TE,16,0,0,0,0,0,0,0,0,0,0,0,0,68,45,417,0,0,0,0,0,0,0,0,0,0,0,0,0
"Hoyer, Brian",11285,ARI,ARI,9017,QB,2,30,53,330,2,1,0,4,30,1,6,0,0,0,0,0,0,0,0,0,0,0,0,0,0,0,0,0,0
"Huber, Kevin",11142,CIN,CIN,9005,P,16,0,0,0,0,0,0,0,0,1,-1,0,0,0,0,0,0,0,0,0,0,0,0,0,0,0,0,0,0
"Hughes, Robert",12833,IND,IND,9001,RB,8,0,0,0,0,0,0,0,0,1,5,0,0,1,1,3,0,0,0,0,0,0,0,0,0,0,0,0,0
"Hunter, Kendall",11969,SF,SF,9027,RB,15,0,0,0,0,0,0,0,0,63,340,2,0,10,7,46,0,0,0,0,0,0,0,0,0,0,0,0,1
"Hynoski, Henry",12140,NYG,NYG,9015,RB,16,0,0,0,0,0,0,0,0,5,20,0,0,15,11,50,1,0,0,0,0,0,0,0,0,0,0,0,0
"Ingram, Mark",11882,NO,NO,9026,RB,16,0,0,0,0,0,0,0,0,156,602,5,0,10,6,29,0,0,0,0,0,0,0,0,0,0,0,0,0
"Ivory, Chris",11719,NO,NO,9026,RB,8,0,0,0,0,0,0,0,0,40,217,2,0,3,2,15,0,0,0,0,0,0,0,0,0,0,0,0,0
"Jackson, Brandon",2773,CLE,CLE,9006,RB,3,0,0,0,0,0,0,0,0,8,54,0,0,4,2,20,0,0,0,0,0,0,0,0,0,0,0,0,0
"Jackson, DeSean",2930,PHI,PHI,9016,WR,16,0,0,0,0,0,0,0,0,3,-7,0,0,87,45,700,2,0,0,0,0,0,0,0,0,0,0,0,0
"Jackson, Fred",2836,BUF,BUF,9000,RB,13,0,0,0,0,0,0,0,0,115,437,3,0,42,34,217,1,0,0,0,0,0,0,0,0,0,0,0,4
"Jackson, Steven R.",3080,STL,STL,9025,RB,16,0,0,0,0,0,0,0,0,257,1042,4,0,53,38,321,0,1,0,0,0,0,0,0,0,0,0,0,0
"Jackson, Vincent",2490,TB,TB,9023,WR,16,0,0,0,0,0,0,0,0,0,0,0,0,147,72,1384,8,1,0,0,0,0,0,0,0,0,0,0,0
"Jacobs, Brandon",2505,SF,SF,9027,RB,5,0,0,0,0,0,0,0,0,5,7,0,0,0,0,0,0,0,0,0,0,0,0,0,0,0,0,0,0
"James, LaMichael",12335,SF,SF,9027,RB,4,0,0,0,0,0,0,0,0,27,125,0,0,5,3,29,0,0,0,0,0,0,0,0,0,0,0,0,0
"Jammer, Quentin",7533,SD,SD,9012,CB,4,0,0,0,0,0,0,0,0,0,0,0,0,0,0,0,0,0,0,0,0,0,0,0,0,0,0,0,0
"Janikowski, Sebastian",1752,OAK,OAK,9011,PK,16,0,0,0,0,0,0,0,0,0,0,0,0,0,0,0,0,0,25,25,0,31,34,0,10,10,5,6,0
"Jean, Lestar",12719,HOU,HOU,9031,WR,14,0,0,0,0,0,0,0,0,0,0,0,0,12,6,151,1,0,0,0,0,0,0,0,0,0,0,0,0
"Jeffery, Aishon",12320,CHI,CHI,9019,WR,16,0,0,0,0,0,0,0,0,0,0,0,0,48,24,367,3,0,0,0,0,0,0,0,0,0,0,0,0
"Jenkins, AJ",12305,SF,SF,9027,WR,5,0,0,0,0,0,0,0,0,0,0,0,0,1,0,0,0,0,0,0,0,0,0,0,0,0,0,0,0
"Jenkins, Michael G.",3082,MIN,MIN,9022,WR,16,0,0,0,0,0,0,0,0,0,0,0,0,72,40,449,2,0,0,0,0,0,0,0,0,0,0,0,0
"Jennings, Greg",2619,GB,GB,9021,WR,8,0,0,0,0,0,0,0,0,0,0,0,0,62,36,366,4,0,0,0,0,0,0,0,0,0,0,0,0
"Jennings, Rashad",11250,JAC,JAC,9029,RB,11,0,0,0,0,0,0,0,0,101,283,2,0,26,19,130,0,1,0,0,0,0,0,0,0,0,0,0,1
"Jernigan, Jerrel",11937,NYG,NYG,9015,WR,10,0,0,0,0,0,0,0,0,1,6,0,0,5,3,22,0,0,0,0,0,0,0,0,0,0,0,0,0
"Johnson, Andre L.",2256,HOU,HOU,9031,WR,16,0,0,0,0,0,0,0,0,0,0,0,0,162,112,1598,4,0,0,0,0,0,0,0,0,0,0,0,0
"Johnson, Calvin",2753,DET,DET,9020,WR,16,0,0,0,0,0,0,0,0,0,0,0,0,204,122,1964,5,0,0,0,0,0,0,0,0,0,0,0,3
"Johnson, Chris D.",2932,TEN,TEN,9007,RB,16,0,0,0,0,0,0,0,0,276,1243,6,0,49,36,232,0,0,0,0,0,0,0,0,0,0,0,0,4
"Johnson, Damaris",12786,PHI,PHI,9016,WR,14,0,0,0,0,0,0,0,0,3,12,0,0,31,19,256,0,0,0,0,0,0,0,0,0,0,0,0,2
"Johnson, Josh",2934,CLE,CLE,9006,QB,1,0,0,0,0,0,0,0,0,0,0,0,0,0,0,0,0,0,0,0,0,0,0,0,0,0,0,0,1
"Johnson, Quinn",11145,TEN,TEN,9007,RB,16,0,0,0,0,0,0,0,0,4,5,0,0,8,5,40,0,0,0,0,0,0,0,0,0,0,0,0,0
"Johnson, Steve",2935,BUF,BUF,9000,WR,16,0,0,0,0,0,0,0,0,0,0,0,0,148,79,1046,6,0,0,0,0,0,0,0,0,0,0,0,1
"Johnson, Will",12791,PIT,PIT,9008,RB,16,0,0,0,0,0,0,0,0,2,7,0,0,26,15,137,1,0,0,0,0,0,0,0,0,0,0,0,0
"Jones, Chris",12216,DAL,DAL,9014,P,14,0,0,0,0,0,0,0,0,0,0,0,0,0,0,0,0,0,0,0,0,0,0,0,0,0,0,0,0
"Jones, Dominique",12869,IND,IND,9001,TE,4,0,0,0,0,0,0,0,0,0,0,0,0,1,1,8,0,0,0,0,0,0,0,0,0,0,0,0,0
"Jones, Donald",11677,BUF,BUF,9000,WR,14,0,0,0,0,0,0,0,0,0,0,0,0,67,41,443,4,0,0,0,0,0,0,0,0,0,0,0,0
"Jones, Donnie S.",3145,HOU,HOU,9031,P,16,0,0,0,0,0,0,0,0,0,0,0,0,0,0,0,0,0,0,0,0,0,0,0,0,0,0,0,0
"Jones, Felix",2936,DAL,DAL,9014,RB,16,0,0,0,0,0,0,0,0,111,402,3,0,37,26,266,2,0,0,0,0,0,0,0,0,0,0,0,2
"Jones, Greg",3091,JAC,JAC,9029,RB,16,0,0,0,0,0,0,0,0,5,8,0,0,14,11,64,0,0,0,0,0,0,0,0,0,0,0,0,0
"Jones, Jacoby",2775,BAL,BAL,9030,WR,16,0,0,0,0,0,0,0,0,1,6,0,0,55,30,406,1,0,0,0,0,0,0,0,0,0,0,0,0
"Jones, James",2780,GB,GB,9021,WR,16,0,0,0,0,0,0,0,0,0,0,0,0,98,64,784,14,0,0,0,0,0,0,0,0,0,0,0,0
"Jones, Julio",11860,ATL,ATL,9024,WR,16,0,0,0,0,0,0,0,0,6,30,0,0,128,79,1198,10,0,0,0,0,0,0,0,0,0,0,0,0
"Jones, Marvin",12440,CIN,CIN,9005,WR,11,0,0,0,0,0,0,0,0,3,47,0,0,32,18,201,1,0,0,0,0,0,0,0,0,0,0,0,0
"Jones, Taiwan",11979,OAK,OAK,9011,RB,14,0,0,0,0,0,0,0,0,6,21,0,0,2,2,11,0,0,0,0,0,0,0,0,0,0,0,0,0
"Jones-Drew, Maurice",2621,JAC,JAC,9029,RB,7,0,0,0,0,0,0,0,0,86,414,1,0,18,14,86,1,0,0,0,0,0,0,0,0,0,0,0,0
"Kaeding, Nate",3094,MIA,MIA,9002,PK,12,0,0,0,0,0,0,0,0,0,0,0,0,0,0,0,0,0,6,6,0,7,8,0,4,0,4,0,0
"Kaepernick, Colin",11890,SF,SF,9027,QB,15,136,218,1809,3,10,0,16,112,62,416,5,0,0,0,0,0,0,0,0,0,0,0,0,0,0,0,0,2
"Kapinos, Jeremy",3195,PIT,PIT,9008,P,16,0,0,0,0,0,0,0,0,0,0,0,0,0,0,0,0,0,0,0,0,0,0,0,0,0,0,0,0
"Kearse, Jermaine",12828,SEA,SEA,9013,WR,7,0,0,0,0,0,0,0,0,0,0,0,0,7,3,31,0,0,0,0,0,0,0,0,0,0,0,0,0
"Keller, Dustin",2937,NYJ,NYJ,9004,TE,8,0,0,0,0,0,0,0,0,0,0,0,0,36,28,317,2,0,0,0,0,0,0,0,0,0,0,0,0
"Kemp, Donovan",12700,DAL,DAL,9014,WR,16,0,0,0,0,0,0,0,0,0,0,0,0,0,0,0,0,0,0,0,0,0,0,0,0,0,0,0,0
"Kendricks, Lance",11901,STL,STL,9025,TE,16,0,0,0,0,0,0,0,0,0,0,0,0,64,42,519,4,1,0,0,0,0,0,0,0,0,0,0,0
"Kerley, Jeremy",12007,NYJ,NYJ,9004,WR,16,1,1,42,0,0,0,0,0,5,8,0,0,95,56,827,2,0,0,0,0,0,0,0,0,0,0,0,3
"Kern, Brett",3200,TEN,TEN,9007,P,16,0,0,0,0,0,0,0,0,0,0,0,0,0,0,0,0,0,0,0,0,0,0,0,0,0,0,0,0
"King, Jeff",2655,ARI,ARI,9017,TE,16,0,0,0,0,0,0,0,0,0,0,0,0,29,17,129,0,0,0,0,0,0,0,0,0,0,0,0,0
"King, Marquette",12784,OAK,OAK,9011,P,16,0,0,0,0,0,0,0,0,0,0,0,0,0,0,0,0,0,0,0,0,0,0,0,0,0,0,0,0
"Kluwe, Chris",3171,MIN,MIN,9022,P,16,0,0,0,0,0,0,0,0,0,0,0,0,0,0,0,0,0,0,0,0,0,0,0,0,0,0,0,0
"Koch, Sam",3182,BAL,BAL,9030,P,16,0,0,0,0,0,0,0,0,2,17,1,0,0,0,0,0,0,0,0,0,0,0,0,0,0,0,0,0
"Koenen, Michael",3170,TB,TB,9023,P,16,0,0,0,0,0,0,0,0,0,0,0,0,0,0,0,0,0,0,0,0,0,0,0,0,0,0,0,1
"Kolb, Kevin",2763,ARI,ARI,9017,QB,9,109,183,1169,3,8,0,27,159,17,103,1,0,0,0,0,0,0,0,0,0,0,0,0,0,0,0,0,2
"Kuhn, John",2723,GB,GB,9021,RB,16,0,0,0,0,0,0,0,0,23,63,1,0,18,15,148,0,0,0,0,0,0,0,0,0,0,0,0,0
"LaFell, Brandon",11488,CAR,CAR,9028,WR,14,0,0,0,0,0,0,0,0,3,35,0,0,76,44,677,4,0,0,0,0,0,0,0,0,0,0,0,0
"Lane, Jorvorskie",12740,MIA,MIA,9002,RB,16,0,0,0,0,0,0,0,0,13,13,2,0,12,11,79,1,1,0,0,0,0,0,0,0,0,0,0,1
"Leach, Vonta",2419,BAL,BAL,9030,RB,16,0,0,0,0,0,0,0,0,9,32,1,0,24,21,143,0,0,0,0,0,0,0,0,0,0,0,0,0
"Lechler, Shane",1789,OAK,OAK,9011,P,16,1,1,4,0,0,0,0,0,2,0,0,0,0,0,0,0,0,0,0,0,0,0,0,0,0,0,0,0
"Lee, Andy",3128,SF,SF,9027,P,15,0,0,0,0,0,0,0,0,0,0,0,0,0,0,0,0,0,0,0,0,0,0,0,0,0,0,0,0
"Lee, Donald",2301,CIN,CIN,9005,TE,2,0,0,0,0,0,0,0,0,0,0,0,0,0,0,0,0,0,0,0,0,0,0,0,0,0,0,0,0
"Leftwich, Byron",2257,PIT,PIT,9008,QB,10,25,53,272,1,0,0,3,24,1,31,1,0,0,0,0,0,0,0,0,0,0,0,0,0,0,0,0,0
"Leinart, Matt",2607,OAK,OAK,9011,QB,16,16,33,115,1,0,0,1,9,0,0,0,0,0,0,0,0,0,0,0,0,0,0,0,0,0,0,0,0
"Leonard, Brian",2772,CIN,CIN,9005,RB,15,0,0,0,0,0,0,0,0,33,106,0,0,15,11,67,0,0,0,0,0,0,0,0,0,0,0,0,0
"LeShoure, Mikel",11911,DET,DET,9020,RB,15,0,0,0,0,0,0,0,0,215,798,9,0,49,34,214,0,0,0,0,0,0,0,0,0,0,0,0,3
"Lewis, Dion",12003,PHI,PHI,9016,RB,10,0,0,0,0,0,0,0,0,13,69,1,0,2,2,24,0,0,0,0,0,0,0,0,0,0,0,0,0
"Lewis, Marcedes A.",2612,JAC,JAC,9029,TE,16,0,0,0,0,0,0,0,0,0,0,0,0,77,52,540,4,0,0,0,0,0,0,0,0,0,0,0,0
"Lewis, Thaddeus",11735,CLE,CLE,9006,QB,11,22,32,204,1,1,0,3,14,1,3,0,0,0,0,0,0,0,0,0,0,0,0,0,0,0,0,0,0
"Lindell, Rian",1894,BUF,BUF,9000,PK,16,0,0,0,0,0,0,0,0,0,0,0,0,0,0,0,0,0,39,39,0,21,24,0,4,10,6,1,0
"Lindley, Ryan",12459,ARI,ARI,9017,QB,14,89,171,752,7,0,0,12,91,4,7,0,0,0,0,0,0,0,0,0,0,0,0,0,0,0,0,0,2
"Little, Greg",11913,CLE,CLE,9006,WR,16,0,0,0,0,0,0,0,0,2,15,0,0,92,53,647,4,0,0,0,0,0,0,0,0,0,0,0,0
"Lloyd, Brandon",2294,NE,NE,9003,WR,16,0,0,0,0,0,0,0,0,0,0,0,0,130,74,911,4,0,0,0,0,0,0,0,0,0,0,0,0
"Locker, Jake",11862,TEN,TEN,9007,QB,11,177,314,2176,11,10,0,25,151,41,291,1,0,0,0,0,0,0,0,0,0,0,0,0,0,0,0,0,4
"Logan, Stefan",11301,DET,DET,9020,WR,16,0,0,0,0,0,0,0,0,3,17,0,0,7,6,28,0,0,0,0,0,0,0,0,0,0,0,0,2
"Lorig, Erik",11663,TB,TB,9023,RB,16,0,0,0,0,0,0,0,0,0,0,0,0,19,12,83,1,0,0,0,0,0,0,0,0,0,0,0,0
"Luck, Andrew",12276,IND,IND,9001,QB,16,339,627,4374,18,23,0,41,246,62,255,5,0,0,0,0,0,0,0,0,0,0,0,0,0,0,0,0,5
"Lumpkin, Kregg",2980,NYG,NYG,9015,RB,8,0,0,0,0,0,0,0,0,9,42,0,0,3,0,0,0,0,0,0,0,0,0,0,0,0,0,0,1
"Lynch, Marshawn",2756,SEA,SEA,9013,RB,16,0,0,0,0,0,0,0,0,315,1590,11,0,30,23,196,1,0,0,0,0,0,0,0,0,0,0,0,2
"Maclin, Jeremy",11019,PHI,PHI,9016,WR,15,0,0,0,0,0,0,0,0,0,0,0,0,122,69,857,7,0,0,0,0,0,0,0,0,0,0,0,1
"Mallett, Ryan",11928,NE,NE,9003,QB,16,1,4,17,1,0,0,0,0,8,-9,0,0,0,0,0,0,0,0,0,0,0,0,0,0,0,0,0,0
"Malone, Robert",11766,NYJ,NYJ,9004,P,16,0,0,0,0,0,0,0,0,0,0,0,0,0,0,0,0,0,0,0,0,0,0,0,0,0,0,0,0
"Maneri, Steve",13005,KC,KC,9010,TE,13,0,0,0,0,0,0,0,0,0,0,0,0,12,5,51,0,0,0,0,0,0,0,0,0,0,0,0,0
"Manning, Eli",3060,NYG,NYG,9015,QB,16,321,536,3948,15,26,0,19,136,20,30,0,0,0,0,0,0,0,0,0,0,0,0,0,0,0,0,0,1
"Manning, Peyton",1490,DEN,DEN,9009,QB,16,400,583,4667,11,37,1,21,137,23,7,0,0,0,0,0,0,0,0,0,0,0,0,0,0,0,0,0,2
"Manningham, Mario",2939,SF,SF,9027,WR,13,0,0,0,0,0,0,0,0,3,64,0,0,57,42,449,1,0,0,0,0,0,0,0,0,0,0,0,1
"Mare, Olindo",1441,CHI,CHI,9019,PK,3,0,0,0,0,0,0,0,0,0,0,0,0,0,0,0,0,0,7,7,0,6,8,0,2,3,1,0,0
"Marecic, Owen",11978,CLE,CLE,9006,RB,16,0,0,0,0,0,0,0,0,0,0,0,0,5,0,0,0,0,0,0,0,0,0,0,0,0,0,0,0
"Marshall, Brandon",2646,CHI,CHI,9019,WR,16,0,0,0,0,0,0,0,0,1,-2,0,0,192,118,1508,11,0,0,0,0,0,0,0,0,0,0,0,0
"Martin, Charly",11346,SEA,SEA,9013,WR,4,0,0,0,0,0,0,0,0,0,0,0,0,6,4,42,0,0,0,0,0,0,0,0,0,0,0,0,0
"Martin, Doug",12306,TB,TB,9023,RB,16,0,0,0,0,0,0,0,0,319,1454,11,0,70,49,472,1,0,0,0,0,0,0,0,0,0,0,0,1
"Martin, Keshawn",12395,HOU,HOU,9031,WR,16,0,0,0,0,0,0,0,0,4,53,0,0,28,10,85,1,0,0,0,0,0,0,0,0,0,0,0,0
"Martin, Ruvell",2689,BUF,BUF,9000,WR,14,0,0,0,0,0,0,0,0,0,0,0,0,6,4,41,0,0,0,0,0,0,0,0,0,0,0,0,0
"Massaquoi, Mohamed",11050,CLE,CLE,9006,WR,10,0,0,0,0,0,0,0,0,0,0,0,0,33,17,254,0,0,0,0,0,0,0,0,0,0,0,0,0
"Masthay, Tim",11693,GB,GB,9021,P,16,1,2,27,0,1,0,0,0,0,0,0,0,0,0,0,0,0,0,0,0,0,0,0,0,0,0,0,0
"Mastrud, Jeron",11753,MIA,MIA,9002,TE,14,0,0,0,0,0,0,0,0,0,0,0,0,0,0,0,0,0,0,0,0,0,0,0,0,0,0,0,0
"Mathews, Ryan",11422,SD,SD,9012,RB,13,0,0,0,0,0,0,0,0,169,660,1,0,50,35,216,0,0,0,0,0,0,0,0,0,0,0,0,2
"Matthews, Rishard",12501,MIA,MIA,9002,WR,9,0,0,0,0,0,0,0,0,0,0,0,0,20,11,151,0,0,0,0,0,0,0,0,0,0,0,0,0
"Maui'a, Reagan",2808,ARI,ARI,9017,RB,11,0,0,0,0,0,0,0,0,0,0,0,0,1,1,7,0,0,0,0,0,0,0,0,0,0,0,0,0
"McAfee, Pat",11222,IND,IND,9001,P,16,0,0,0,0,0,0,0,0,0,0,0,0,0,0,0,0,0,0,0,0,0,0,0,0,0,0,0,0
"McClain, Le'Ron",2795,SD,SD,9012,RB,15,0,0,0,0,0,0,0,0,14,42,0,0,10,8,29,0,0,0,0,0,0,0,0,0,0,0,0,0
"McCluster, Dexter",11446,KC,KC,9010,WR,16,0,0,0,0,0,0,0,0,12,70,0,0,77,52,452,1,0,0,0,0,0,0,0,0,0,0,0,2
"McCown, Luke",3104,ATL,ATL,9024,QB,16,0,0,0,0,0,0,0,0,2,-3,0,0,0,0,0,0,0,0,0,0,0,0,0,0,0,0,0,0
"McCoy, Anthony",11595,SEA,SEA,9013,TE,16,0,0,0,0,0,0,0,0,0,0,0,0,28,18,291,3,0,0,0,0,0,0,0,0,0,0,0,0
"McCoy, Colt",11495,CLE,CLE,9006,QB,15,9,17,79,0,1,0,4,25,4,15,0,0,0,0,0,0,0,0,0,0,0,0,0,0,0,0,0,0
"McCoy, LeSean",11053,PHI,PHI,9016,RB,12,0,0,0,0,0,0,0,0,200,840,2,0,67,54,373,3,0,0,0,0,0,0,0,0,0,0,0,3
"McElroy, Greg",12062,NYJ,NYJ,9004,QB,2,19,31,214,1,1,0,11,71,8,30,0,0,0,0,0,0,0,0,0,0,0,0,0,0,0,0,0,1
"McFadden, Darren",2940,OAK,OAK,9011,RB,12,0,0,0,0,0,0,0,0,216,707,2,0,63,42,258,1,0,0,0,0,0,0,0,0,0,0,0,2
"McGahee, Willis",2261,DEN,DEN,9009,RB,16,0,0,0,0,0,0,0,0,167,731,4,0,33,26,221,0,1,0,0,0,0,0,0,0,0,0,0,4
"McIntyre, Corey",2557,BUF,BUF,9000,RB,16,0,0,0,0,0,0,0,0,0,0,0,0,2,1,9,0,0,0,0,0,0,0,0,0,0,0,0,0
"McKnight, Joe",11522,NYJ,NYJ,9004,RB,15,0,0,0,0,0,0,0,0,30,179,0,0,2,1,18,0,0,0,0,0,0,0,0,0,0,0,0,1
"McMichael, Randy",2134,SD,SD,9012,TE,15,0,0,0,0,0,0,0,0,0,0,0,0,12,9,51,0,0,0,0,0,0,0,0,0,0,0,0,0
"McNeill, Mike",12161,STL,STL,9025,TE,14,0,0,0,0,0,0,0,0,0,0,0,0,7,4,31,0,0,0,0,0,0,0,0,0,0,0,0,0
"McNutt, Marvin",12468,PHI,PHI,9016,WR,4,0,0,0,0,0,0,0,0,0,0,0,0,2,0,0,0,0,0,0,0,0,0,0,0,0,0,0,0
"Meachem, Robert",2759,SD,SD,9012,WR,14,0,0,0,0,0,0,0,0,1,-6,0,0,30,13,197,2,0,0,0,0,0,0,0,0,0,0,0,0
"Medlock, Justin",12683,CAR,CAR,9028,PK,16,0,0,0,0,0,0,0,0,0,0,0,0,0,0,0,0,0,23,23,0,7,10,0,2,3,2,0,0
"Meier, Kerry",11575,ATL,ATL,9024,WR,16,0,0,0,0,0,0,0,0,0,0,0,0,0,0,0,0,0,0,0,0,0,0,0,0,0,0,0,0
"Mendenhall, Rashard",2941,PIT,PIT,9008,RB,8,0,0,0,0,0,0,0,0,51,182,0,0,11,9,62,1,0,0,0,0,0,0,0,0,0,0,0,1
"Mesko, Zoltan",11560,NE,NE,9003,P,16,0,0,0,0,0,0,0,0,0,0,0,0,0,0,0,0,0,0,0,0,0,0,0,0,0,0,0,0
"Miller, Brit",11362,STL,STL,9025,RB,10,0,0,0,0,0,0,0,0,0,0,0,0,4,1,0,0,0,0,0,0,0,0,0,0,0,0,0,1
"Miller, Bruce",12065,SF,SF,9027,RB,15,0,0,0,0,0,0,0,0,5,18,0,0,13,12,84,0,0,0,0,0,0,0,0,0,0,0,0,0
"Miller, Heath",2483,PIT,PIT,9008,TE,16,0,0,0,0,0,0,0,0,0,0,0,0,101,71,816,8,1,0,0,0,0,0,0,0,0,0,0,0
"Miller, Lamar",12371,MIA,MIA,9002,RB,14,0,0,0,0,0,0,0,0,51,250,1,0,8,6,45,0,0,0,0,0,0,0,0,0,0,0,0,0
"Miller, Zach",2764,SEA,SEA,9013,TE,16,0,0,0,0,0,0,0,0,0,0,0,0,53,38,396,3,0,0,0,0,0,0,0,0,0,0,0,1
"Miller, Zachary",11180,JAC,JAC,9029,TE,16,0,0,0,0,0,0,0,0,0,0,0,0,0,0,0,0,0,0,0,0,0,0,0,0,0,0,0,0
"Moeaki, Tony",11503,KC,KC,9010,TE,15,0,0,0,0,0,0,0,0,0,0,0,0,56,33,453,1,0,0,0,0,0,0,0,0,0,0,0,0
"Mooney, Collin",12633,TEN,TEN,9007,RB,1,0,0,0,0,0,0,0,0,5,19,0,0,0,0,0,0,0,0,0,0,0,0,0,0,0,0,0,0
"Moore, Denarius",12002,OAK,OAK,9011,WR,15,0,0,0,0,0,0,0,0,1,-5,0,0,114,51,741,7,0,0,0,0,0,0,0,0,0,0,0,0
"Moore, Evan",11364,SEA,SEA,9013,TE,14,0,0,0,0,0,0,0,0,0,0,0,0,6,1,6,0,0,0,0,0,0,0,0,0,0,0,0,0
"Moore, Lance",2588,NO,NO,9026,WR,15,0,0,0,0,0,0,0,0,0,0,0,0,104,65,1041,6,0,0,0,0,0,0,0,0,0,0,0,0
"Moore, Marlon",11710,MIA,MIA,9002,WR,14,0,0,0,0,0,0,0,0,1,9,0,0,8,3,70,0,0,0,0,0,0,0,0,0,0,0,0,0
"Moore, Matt",2839,MIA,MIA,9002,QB,16,11,19,131,0,1,0,1,1,5,-3,0,0,0,0,0,0,0,0,0,0,0,0,0,0,0,0,0,0
"Moore, Mewelde",3107,IND,IND,9001,RB,9,0,0,0,0,0,0,0,0,13,20,0,0,8,6,77,1,0,0,0,0,0,0,0,0,0,0,0,1
"Moorman, Brian",3036,BUF,BUF,9000,P,16,0,0,0,0,0,0,0,0,0,0,0,0,0,0,0,0,0,0,0,0,0,0,0,0,0,0,0,0
"Moreno, Knowshon",11012,DEN,DEN,9009,RB,8,0,0,0,0,0,0,0,0,139,528,4,0,26,21,167,0,0,0,0,0,0,0,0,0,0,0,0,1
"Morgan, Joseph",12770,NO,NO,9026,WR,16,0,0,0,0,0,0,0,0,1,1,0,0,21,10,379,3,0,0,0,0,0,0,0,0,0,0,0,0
"Morgan, Josh",2945,WAS,WAS,9018,WR,16,0,1,0,0,0,0,0,0,3,25,0,0,73,48,510,2,0,0,0,0,0,0,0,0,0,0,0,0
"Morrah, Cameron",11248,SEA,SEA,9013,TE,16,0,0,0,0,0,0,0,0,0,0,0,0,0,0,0,0,0,0,0,0,0,0,0,0,0,0,0,0
"Morris, Alfred",12447,WAS,WAS,9018,RB,16,0,0,0,0,0,0,0,0,335,1610,13,0,16,11,77,0,0,0,0,0,0,0,0,0,0,0,0,3
"Morstead, Thomas",11164,NO,NO,9026,P,16,0,0,0,0,0,0,0,0,0,0,0,0,0,0,0,0,0,0,0,0,0,0,0,0,0,0,0,0
"Moss, Randy",1496,SF,SF,9027,WR,15,0,0,0,0,0,0,0,0,0,0,0,0,46,27,420,3,0,0,0,0,0,0,0,0,0,0,0,0
"Moss, Santana",1931,WAS,WAS,9018,WR,16,0,0,0,0,0,0,0,0,3,14,0,0,62,41,573,8,0,0,0,0,0,0,0,0,0,0,0,1
"Mulligan, Matthew",11292,STL,STL,9025,TE,16,0,0,0,0,0,0,0,0,0,0,0,0,12,8,84,1,0,0,0,0,0,0,0,0,0,0,0,0
"Murphy, Louis",11124,CAR,CAR,9028,WR,16,0,0,0,0,0,0,0,0,1,3,0,0,61,25,336,1,0,0,0,0,0,0,0,0,0,0,0,0
"Murphy, Richard",13012,JAC,JAC,9029,RB,4,0,0,0,0,0,0,0,0,23,92,0,0,1,0,0,0,0,0,0,0,0,0,0,0,0,0,0,0
"Murray, DeMarco",11925,DAL,DAL,9014,RB,10,0,0,0,0,0,0,0,0,161,663,4,0,41,34,247,0,0,0,0,0,0,0,0,0,0,0,0,2
"Myers, Brandon",11202,OAK,OAK,9011,TE,16,0,0,0,0,0,0,0,0,0,0,0,0,105,79,806,4,0,0,0,0,0,0,0,0,0,0,0,0
"Naanee, Legedu",2805,MIA,MIA,9002,WR,4,0,0,0,0,0,0,0,0,0,0,0,0,5,1,19,0,0,0,0,0,0,0,0,0,0,0,0,1
"Nelson, David",11678,BUF,BUF,9000,WR,16,0,0,0,0,0,0,0,0,0,0,0,0,5,2,31,0,0,0,0,0,0,0,0,0,0,0,0,0
"Nelson, Jordy",2946,GB,GB,9021,WR,12,0,0,0,0,0,0,0,0,0,0,0,0,73,49,745,7,1,0,0,0,0,0,0,0,0,0,0,0
"Newsome, Jamar",12131,KC,KC,9010,WR,6,0,0,0,0,0,0,0,0,0,0,0,0,16,5,73,0,0,0,0,0,0,0,0,0,0,0,0,0
"Newton, Cam",11855,CAR,CAR,9028,QB,16,280,485,3869,12,19,0,36,244,127,741,8,0,0,0,0,0,0,0,0,0,0,0,0,0,0,0,0,2
"Nicks, Hakeem",11029,NYG,NYG,9015,WR,13,0,0,0,0,0,0,0,0,0,0,0,0,100,53,692,3,0,0,0,0,0,0,0,0,0,0,0,0
"Noble, Danny",12815,TB,TB,9023,TE,13,0,0,0,0,0,0,0,0,0,0,0,0,0,0,0,0,0,0,0,0,0,0,0,0,0,0,0,0
"Nortman, Brad",12481,CAR,CAR,9028,P,16,0,0,0,0,0,0,0,0,0,0,0,0,0,0,0,0,0,0,0,0,0,0,0,0,0,0,0,0
"Norwood, Jordan",11361,CLE,CLE,9006,WR,13,0,0,0,0,0,0,0,0,1,1,0,0,19,13,137,0,0,0,0,0,0,0,0,0,0,0,0,0
"Novak, Nick",3175,SD,SD,9012,PK,12,0,0,0,0,0,0,0,0,0,0,0,0,0,0,0,0,0,30,30,0,18,20,0,6,6,4,2,0
"Nugent, Mike",3166,CIN,CIN,9005,PK,13,0,0,0,0,0,0,0,0,0,0,0,0,0,0,0,0,0,35,35,0,19,23,0,7,5,6,1,0
"Obomanu, Ben",2679,SEA,SEA,9013,WR,16,0,0,0,0,0,0,0,0,1,11,0,0,9,4,58,0,0,0,0,0,0,0,0,0,0,0,0,0
"O'Connell, Jake",11237,KC,KC,9010,TE,15,0,0,0,0,0,0,0,0,0,0,0,0,3,3,18,0,0,0,0,0,0,0,0,0,0,0,0,0
"Ogbonnaya, Chris",11211,CLE,CLE,9006,RB,15,0,0,0,0,0,0,0,0,8,30,0,0,32,24,187,0,0,0,0,0,0,0,0,0,0,0,0,1
"Ogletree, Kevin",11269,DAL,DAL,9014,WR,15,0,0,0,0,0,0,0,0,2,9,0,0,55,32,436,4,0,0,0,0,0,0,0,0,0,0,0,0
"Olsen, Greg",2761,CAR,CAR,9028,TE,16,0,0,0,0,0,0,0,0,0,0,0,0,104,69,843,5,0,0,0,0,0,0,0,0,0,0,0,0
"Orlovsky, Dan",2519,TB,TB,9023,QB,16,4,7,51,0,0,0,0,0,0,0,0,0,0,0,0,0,0,0,0,0,0,0,0,0,0,0,0,0
"Orton, Kyle",2503,DAL,DAL,9014,QB,16,9,10,89,0,1,1,0,0,0,0,0,0,0,0,0,0,0,0,0,0,0,0,0,0,0,0,0,0
"Osgood, Kassim",2374,DET,DET,9020,WR,16,0,0,0,0,0,0,0,0,0,0,0,0,0,0,0,0,0,0,0,0,0,0,0,0,0,0,0,0
"Osweiler, Brock",12332,DEN,DEN,9009,QB,16,2,4,12,0,0,0,0,0,8,-13,0,0,0,0,0,0,0,0,0,0,0,0,0,0,0,0,0,0
"Owens, Montell",2693,JAC,JAC,9029,RB,16,0,0,0,0,0,0,0,0,42,209,1,1,10,8,113,0,0,0,0,0,0,0,0,0,0,0,0,0
"Owusu, Chris",12799,TB,TB,9023,WR,5,0,0,0,0,0,0,0,0,0,0,0,0,4,1,24,0,0,0,0,0,0,0,0,0,0,0,0,0
"Palmer, Carson",2254,OAK,OAK,9011,QB,15,345,565,4018,14,22,2,26,199,18,36,1,0,0,0,0,0,0,0,0,0,0,0,0,0,0,0,0,5
"Palmer, Michael",11672,ATL,ATL,9024,TE,13,0,0,0,0,0,0,0,0,0,0,0,0,6,6,22,1,0,0,0,0,0,0,0,0,0,0,0,0
"Palmer, Nathan",13010,IND,IND,9001,WR,5,0,0,0,0,0,0,0,0,0,0,0,0,3,1,-4,0,0,0,0,0,0,0,0,0,0,0,0,0
"Parker, Preston",11738,TB,TB,9023,WR,4,0,0,0,0,0,0,0,0,1,7,0,0,2,0,0,0,0,0,0,0,0,0,0,0,0,0,0,0
"Parmele, Jalen",2949,JAC,JAC,9029,RB,16,0,0,0,0,0,0,0,0,40,143,0,0,9,7,60,0,0,0,0,0,0,0,0,0,0,0,0,0
"Pascoe, Bear",11184,NYG,NYG,9015,TE,15,0,0,0,0,0,0,0,0,0,0,0,0,9,4,35,1,0,0,0,0,0,0,0,0,0,0,0,0
"Paul, Niles",12009,WAS,WAS,9018,TE,16,0,0,0,0,0,0,0,0,1,-1,0,0,15,8,152,1,0,0,0,0,0,0,0,0,0,0,0,0
"Paulsen, Logan",11740,WAS,WAS,9018,TE,16,0,0,0,0,0,0,0,0,0,0,0,0,38,25,308,1,0,0,0,0,0,0,0,0,0,0,0,0
"Paulson, David",12514,PIT,PIT,9008,TE,16,0,0,0,0,0,0,0,0,0,0,0,0,11,7,51,0,0,0,0,0,0,0,0,0,0,0,0,0
"Pead, Isaiah",12325,STL,STL,9025,RB,15,0,0,0,0,0,0,0,0,10,54,0,0,4,3,16,0,0,0,0,0,0,0,0,0,0,0,0,1
"Peerman, Cedric",11185,CIN,CIN,9005,RB,14,0,0,0,0,0,0,0,0,36,258,1,0,9,9,85,0,0,0,0,0,0,0,0,0,0,0,0,0
"Peterson, Adrian L.",2754,MIN,MIN,9022,RB,16,0,0,0,0,0,0,0,0,348,2097,12,1,51,40,217,1,0,0,0,0,0,0,0,0,0,0,0,2
"Peterson, Patrick",11859,ARI,ARI,9017,CB,6,0,0,0,0,0,0,0,0,2,13,0,0,1,1,6,0,0,0,0,0,0,0,0,0,0,0,0,0
"Pettigrew, Brandon",11020,DET,DET,9020,TE,14,0,0,0,0,0,0,0,0,0,0,0,0,102,59,567,3,0,0,0,0,0,0,0,0,0,0,0,2
"Pettis, Austin",11932,STL,STL,9025,WR,13,0,0,0,0,0,0,0,0,0,0,0,0,48,30,261,4,0,0,0,0,0,0,0,0,0,0,0,0
"Phillips, John",11208,DAL,DAL,9014,TE,16,0,0,0,0,0,0,0,0,0,0,0,0,10,8,55,1,0,0,0,0,0,0,0,0,0,0,0,0
"Phillips, Shaun",7976,SD,SD,9012,LB,8,0,0,0,0,0,0,0,0,0,0,0,0,0,0,0,0,0,0,0,0,0,0,0,0,0,0,0,0
"Pierce, Bernard",12358,BAL,BAL,9030,RB,16,0,0,0,0,0,0,0,0,108,532,1,0,11,7,47,0,0,0,0,0,0,0,0,0,0,0,0,0
"Pilares, Kealoha",11986,CAR,CAR,9028,WR,16,0,0,0,0,0,0,0,0,1,17,0,0,4,2,42,1,0,0,0,0,0,0,0,0,0,0,0,0
"Pitta, Dennis",11524,BAL,BAL,9030,TE,16,0,0,0,0,0,0,0,0,0,0,0,0,94,61,669,7,0,0,0,0,0,0,0,0,0,0,0,0
"Podlesh, Adam",3185,CHI,CHI,9019,P,16,0,0,0,0,0,0,0,0,0,0,0,1,0,0,0,0,0,0,0,0,0,0,0,0,0,0,0,0
"Polite, Lousaka",2463,ATL,ATL,9024,RB,8,0,0,0,0,0,0,0,0,0,0,0,0,7,1,8,0,0,0,0,0,0,0,0,0,0,0,0,0
"Polk, Chris",12871,PHI,PHI,9016,RB,8,0,0,0,0,0,0,0,0,0,0,0,0,0,0,0,0,0,0,0,0,0,0,0,0,0,0,0,0
"Ponder, Christian",11866,MIN,MIN,9022,QB,16,300,483,2935,12,18,1,32,184,60,253,2,0,1,1,-15,0,0,0,0,0,0,0,0,0,0,0,0,5
"Poole, Tauren",12684,CAR,CAR,9028,RB,16,0,0,0,0,0,0,0,0,0,0,0,0,0,0,0,0,0,0,0,0,0,0,0,0,0,0,0,0
"Pope, Leonard",2624,PIT,PIT,9008,TE,16,0,0,0,0,0,0,0,0,0,0,0,0,4,3,9,2,0,0,0,0,0,0,0,0,0,0,0,0
"Posey, DeVier",12342,HOU,HOU,9031,WR,12,0,0,0,0,0,0,0,0,1,-3,0,0,14,6,87,0,0,0,0,0,0,0,0,0,0,0,0,0
"Potter, John",12525,BUF,BUF,9000,PK,6,0,0,0,0,0,0,0,0,0,0,0,0,0,0,0,0,0,0,0,0,0,0,0,0,0,0,0,0
"Potter, Zach",11392,JAC,JAC,9029,TE,16,0,0,0,0,0,0,0,0,0,0,0,0,7,2,6,0,0,0,0,0,0,0,0,0,0,0,0,0
"Powell, Bilal",11980,NYJ,NYJ,9004,RB,14,0,0,0,0,0,0,0,0,110,437,4,0,36,17,140,0,0,0,0,0,0,0,0,0,0,0,0,0
"Powell, William",12657,ARI,ARI,9017,RB,13,0,0,0,0,0,0,0,0,59,216,0,0,25,19,132,0,0,0,0,0,0,0,0,0,0,0,0,0
"Prater, Matt",3192,DEN,DEN,9009,PK,16,0,1,0,0,0,0,0,0,0,0,0,0,0,0,0,0,0,55,55,0,26,32,0,8,10,5,3,0
"Pressley, Chris",11336,CIN,CIN,9005,RB,16,0,0,0,0,0,0,0,0,0,0,0,0,3,1,1,1,0,0,0,0,0,0,0,0,0,0,0,0
"Preston, Michael",12530,TEN,TEN,9007,WR,4,0,0,0,0,0,0,0,0,0,0,0,0,7,5,59,0,0,0,0,0,0,0,0,0,0,0,0,0
"Pryor, Terrelle",12109,OAK,OAK,9011,QB,5,14,30,155,1,2,0,0,0,10,51,1,0,1,1,22,0,0,0,0,0,0,0,0,0,0,0,0,0
"Quick, Brian",12308,STL,STL,9025,WR,15,0,0,0,0,0,0,0,0,0,0,0,0,27,11,156,2,0,0,0,0,0,0,0,0,0,0,0,0
"Quigley, Ryan",12697,CHI,CHI,9019,P,4,0,0,0,0,0,0,0,0,0,0,0,0,0,0,0,0,0,0,0,0,0,0,0,0,0,0,0,0
"Quinn, Brady",2757,KC,KC,9010,QB,14,114,199,1141,8,2,0,21,123,19,66,0,0,1,0,0,0,0,0,0,0,0,0,0,0,0,0,0,0
"Quinn, Richard",11064,CIN,CIN,9005,TE,2,0,0,0,0,0,0,0,0,0,0,0,0,0,0,0,0,0,0,0,0,0,0,0,0,0,0,0,0
"Rainey, Bobby",12672,BAL,BAL,9030,RB,5,0,0,0,0,0,0,0,0,0,0,0,0,0,0,0,0,0,0,0,0,0,0,0,0,0,0,0,0
"Rainey, Chris",12433,PIT,PIT,9008,RB,16,0,0,0,0,0,0,0,0,26,102,2,0,22,14,60,0,0,0,0,0,0,0,0,0,0,0,0,1
"Randle, Rueben",12337,NYG,NYG,9015,WR,16,0,0,0,0,0,0,0,0,0,0,0,0,32,19,298,3,0,0,0,0,0,0,0,0,0,0,0,0
"Redman, Isaac",11326,PIT,PIT,9008,RB,13,0,0,0,0,0,0,0,0,99,390,2,0,21,17,237,0,0,0,0,0,0,0,0,0,0,0,0,3
"Reece, Marcel",3222,OAK,OAK,9011,RB,16,0,0,0,0,0,0,0,0,59,271,0,0,73,52,496,1,0,0,0,0,0,0,0,0,0,0,0,0
"Reed, David",11566,BAL,BAL,9030,WR,3,0,0,0,0,0,0,0,0,0,0,0,0,6,5,66,0,0,0,0,0,0,0,0,0,0,0,0,0
"Reisner, Allen",12183,MIN,MIN,9022,TE,11,0,0,0,0,0,0,0,0,0,0,0,0,2,1,13,0,0,0,0,0,0,0,0,0,0,0,0,0
"Reuland, Konrad",12768,NYJ,NYJ,9004,TE,16,0,0,0,0,0,0,0,0,0,0,0,0,16,11,83,0,0,0,0,0,0,0,0,0,0,0,0,0
"Reynaud, Darius",3209,TEN,TEN,9007,WR,16,0,0,0,0,0,0,0,0,16,33,0,0,9,6,52,0,0,0,0,0,0,0,0,0,0,0,0,0
"Rice, Ray",2951,BAL,BAL,9030,RB,16,0,0,0,0,0,0,0,0,257,1143,9,0,83,61,478,1,0,0,0,0,0,0,0,0,0,0,0,0
"Rice, Sidney",2767,SEA,SEA,9013,WR,16,1,2,25,0,0,0,0,0,2,6,0,0,82,50,748,7,0,0,0,0,0,0,0,0,0,0,0,0
"Richardson, Daryl",12526,STL,STL,9025,RB,16,0,0,0,0,0,0,0,0,98,475,0,1,36,24,163,0,0,0,0,0,0,0,0,0,0,0,0,2
"Richardson, Trent",12278,CLE,CLE,9006,RB,15,0,0,0,0,0,0,0,0,267,950,11,0,70,51,367,1,0,0,0,0,0,0,0,0,0,0,0,0
"Ridley, Stevan",11927,NE,NE,9003,RB,16,0,0,0,0,0,0,0,0,290,1263,12,0,14,6,51,0,0,0,0,0,0,0,0,0,0,0,0,2
"Ringer, Javon",11173,TEN,TEN,9007,RB,11,0,0,0,0,0,0,0,0,2,14,0,0,5,3,12,0,0,0,0,0,0,0,0,0,0,0,0,0
"Rivers, Philip",3062,SD,SD,9012,QB,15,314,487,3348,13,24,0,45,277,27,40,0,0,1,0,0,0,0,0,0,0,0,0,0,0,0,0,0,6
"Roberts, Andre",11498,ARI,ARI,9017,WR,15,0,0,0,0,0,0,0,0,4,29,0,0,114,64,759,5,0,0,0,0,0,0,0,0,0,0,0,0
"Robinson, Adrien",12401,NYG,NYG,9015,TE,2,0,0,0,0,0,0,0,0,0,0,0,0,0,0,0,0,0,0,0,0,0,0,0,0,0,0,0,0
"Robinson, Aldrick",12032,WAS,WAS,9018,WR,15,0,0,0,0,0,0,0,0,1,14,0,0,19,11,237,3,0,0,0,0,0,0,0,0,0,0,0,0
"Robinson, Laurent",2777,JAC,JAC,9029,WR,13,0,0,0,0,0,0,0,0,0,0,0,0,43,24,252,0,0,0,0,0,0,0,0,0,0,0,0,1
"Robinson, Michael",2638,SEA,SEA,9013,RB,16,0,0,0,0,0,0,0,0,12,49,0,0,15,13,126,2,0,0,0,0,0,0,0,0,0,0,0,0
"Robiskie, Brian",11036,DET,DET,9020,WR,7,0,0,0,0,0,0,0,0,0,0,0,0,6,4,44,1,0,0,0,0,0,0,0,0,0,0,0,0
"Roby, Courtney",2493,NO,NO,9026,WR,13,0,0,0,0,0,0,0,0,0,0,0,0,2,1,9,0,0,0,0,0,0,0,0,0,0,0,0,0
"Rocca, Sav",3194,WAS,WAS,9018,P,16,0,0,0,0,0,0,0,0,0,0,0,0,0,0,0,0,0,0,0,0,0,0,0,0,0,0,0,0
"Rodgers, Aaron",2480,GB,GB,9021,QB,16,372,553,4303,8,39,1,51,293,54,259,2,0,1,1,-1,0,0,0,0,0,0,0,0,0,0,0,0,4
"Rodgers, Jacquizz",11999,ATL,ATL,9024,RB,16,0,0,0,0,0,0,0,0,94,362,1,0,59,53,402,1,0,0,0,0,0,0,0,0,0,0,0,0
"Rodriguez, Evan",12385,CHI,CHI,9019,RB,16,0,0,0,0,0,0,0,0,0,0,0,0,8,4,21,0,0,0,0,0,0,0,0,0,0,0,0,0
"Roethlisberger, Ben",3066,PIT,PIT,9008,QB,13,284,449,3265,8,26,1,30,182,26,92,0,0,0,0,0,0,0,0,0,0,0,0,0,0,0,0,0,3
"Romo, Tony",2355,DAL,DAL,9014,QB,16,425,648,4903,19,28,1,36,263,30,49,1,1,1,1,-1,0,0,0,0,0,0,0,0,0,0,0,0,3
"Rosario, Dante",2801,SD,SD,9012,TE,13,0,0,0,0,0,0,0,0,0,0,0,0,18,10,95,3,0,0,0,0,0,0,0,0,0,0,0,1
"Royal, Eddie",2953,SD,SD,9012,WR,9,0,0,0,0,0,0,0,0,3,22,0,0,41,23,234,1,0,0,0,0,0,0,0,0,0,0,0,0
"Royster, Evan",12031,WAS,WAS,9018,RB,16,0,0,0,0,0,0,0,0,23,88,2,0,23,15,109,0,0,0,0,0,0,0,0,0,0,0,0,0
"Rudolph, Kyle",11897,MIN,MIN,9022,TE,16,0,0,0,0,0,0,0,0,0,0,0,0,93,53,493,9,1,0,0,0,0,0,0,0,0,0,0,0
"Ryan, Jon",3124,SEA,SEA,9013,P,16,0,0,0,0,0,0,0,0,2,-18,0,0,0,0,0,0,0,0,0,0,0,0,0,0,0,0,0,0
"Ryan, Matt",2955,ATL,ATL,9024,QB,16,422,615,4719,14,32,0,28,210,33,138,1,0,0,0,0,0,0,0,0,0,0,0,0,0,0,0,0,2
"Saine, Brandon",12213,GB,GB,9021,RB,16,0,0,0,0,0,0,0,0,0,0,0,0,0,0,0,0,0,0,0,0,0,0,0,0,0,0,0,0
"Salas, Gregory",11966,NE,NE,9003,WR,10,0,0,0,0,0,0,0,0,0,0,0,0,0,0,0,0,0,0,0,0,0,0,0,0,0,0,0,0
"Sambrano, Jabin",12726,IND,IND,9001,WR,4,0,0,0,0,0,0,0,0,0,0,0,0,0,0,0,0,0,0,0,0,0,0,0,0,0,0,0,0
"Sampson, DeMarco",12103,ARI,ARI,9017,WR,5,0,0,0,0,0,0,0,0,0,0,0,0,0,0,0,0,0,0,0,0,0,0,0,0,0,0,0,0
"Sanchez, Mark",11005,NYJ,NYJ,9004,QB,16,246,453,2883,18,13,0,34,209,22,28,0,0,0,0,0,0,0,0,0,0,0,0,0,0,0,0,0,7
"Sanders, Emmanuel",11492,PIT,PIT,9008,WR,16,0,0,0,0,0,0,0,0,1,4,0,0,74,44,626,1,0,0,0,0,0,0,0,0,0,0,0,2
"Sanu, Mohamed",12357,CIN,CIN,9005,WR,14,1,1,73,0,1,0,0,0,5,15,0,0,25,16,154,4,0,0,0,0,0,0,0,0,0,0,0,0
"Sanzenbacher, Dane",12118,CHI,CHI,9019,WR,6,0,0,0,0,0,0,0,0,0,0,0,0,3,1,7,0,0,0,0,0,0,0,0,0,0,0,0,0
"Saunders, Weslye",12142,IND,IND,9001,TE,10,0,0,0,0,0,0,0,0,0,0,0,0,4,2,15,0,0,0,0,0,0,0,0,0,0,0,0,0
"Schaub, Matt",3101,HOU,HOU,9031,QB,16,350,544,4008,12,22,0,27,216,21,-9,0,0,1,1,-6,0,0,0,0,0,0,0,0,0,0,0,0,0
"Scheffler, Tony",2622,DET,DET,9020,TE,15,0,0,0,0,0,0,0,0,0,0,0,0,85,42,504,1,0,0,0,0,0,0,0,0,0,0,0,0
"Schilens, Chaz",2957,NYJ,NYJ,9004,WR,15,0,0,0,0,0,0,0,0,0,0,0,0,41,28,289,2,0,0,0,0,0,0,0,0,0,0,0,1
"Schmitt, Owen",2958,OAK,OAK,9011,RB,16,0,0,0,0,0,0,0,0,2,1,0,0,0,0,0,0,0,0,0,0,0,0,0,0,0,0,0,0
"Scifres, Mike",3053,SD,SD,9012,P,15,0,0,0,0,0,0,0,0,0,0,0,0,0,0,0,0,0,0,0,0,0,0,0,0,0,0,0,0
"Scobee, Josh T.",3111,JAC,JAC,9029,PK,16,0,0,0,0,0,0,0,0,0,0,0,0,0,0,0,0,0,18,19,0,25,28,0,5,8,11,1,0
"Scott, Bernard",11209,CIN,CIN,9005,RB,13,0,0,0,0,0,0,0,0,8,35,0,0,0,0,0,0,0,0,0,0,0,0,0,0,0,0,0,0
"Scott, Da'Rel",12075,NYG,NYG,9015,RB,14,0,0,0,0,0,0,0,0,6,9,0,0,0,0,0,0,0,0,0,0,0,0,0,0,0,0,0,0
"Sherman, Anthony",11990,ARI,ARI,9017,RB,16,0,0,0,0,0,0,0,0,0,0,0,0,8,5,39,0,0,0,0,0,0,0,0,0,0,0,0,0
"Shiancoe, Vishante",2279,NE,NE,9003,TE,16,0,0,0,0,0,0,0,0,0,0,0,0,1,0,0,0,0,0,0,0,0,0,0,0,0,0,0,0
"Shipley, Jordan",11494,JAC,JAC,9029,WR,9,0,0,0,0,0,0,0,0,0,0,0,0,39,23,244,1,0,0,0,0,0,0,0,0,0,0,0,1
"Shorts, Cecil",11968,JAC,JAC,9029,WR,15,0,0,0,0,0,0,0,0,1,-4,0,0,105,55,979,7,0,0,0,0,0,0,0,0,0,0,0,1
"Simpson, Jerome",2961,MIN,MIN,9022,WR,12,0,0,0,0,0,0,0,0,0,0,0,0,52,26,274,0,0,0,0,0,0,0,0,0,0,0,0,1
"Skelton, John",11565,ARI,ARI,9017,QB,10,109,201,1132,9,2,0,15,98,4,5,0,0,0,0,0,0,0,0,0,0,0,0,0,0,0,0,0,2
"Slater, Matt",2962,NE,NE,9003,WR,16,0,0,0,0,0,0,0,0,0,0,0,0,0,0,0,0,0,0,0,0,0,0,0,0,0,0,0,0
"Smelley, Brad",12521,CLE,CLE,9006,RB,2,0,0,0,0,0,0,0,0,0,0,0,0,1,1,3,0,0,0,0,0,0,0,0,0,0,0,0,0
"Smith, Alex",2495,CLE,CLE,9006,TE,12,0,0,0,0,0,0,0,0,0,0,0,0,18,13,47,0,0,0,0,0,0,0,0,0,0,0,0,0
"Smith, Alex D",2471,SF,SF,9027,QB,15,139,195,1597,4,12,0,22,135,25,121,0,0,0,0,0,0,0,0,0,0,0,0,0,0,0,0,0,1
"Smith, Alfonso",11802,ARI,ARI,9017,RB,14,0,0,0,0,0,0,0,0,0,0,0,0,3,2,21,0,0,0,0,0,0,0,0,0,0,0,0,0
"Smith, Antone",11673,ATL,ATL,9024,RB,13,0,0,0,0,0,0,0,0,0,0,0,0,1,0,0,0,0,0,0,0,0,0,0,0,0,0,0,0
"Smith, Armond",12122,CAR,CAR,9028,RB,3,0,0,0,0,0,0,0,0,3,0,0,0,0,0,0,0,0,0,0,0,0,0,0,0,0,0,0,0
"Smith, Brad A.",2639,BUF,BUF,9000,WR,16,0,1,0,1,0,0,0,0,14,116,1,0,22,14,152,2,0,0,0,0,0,0,0,0,0,0,0,0
"Smith, Hayden",12536,NYJ,NYJ,9004,TE,2,0,0,0,0,0,0,0,0,0,0,0,0,1,1,16,0,0,0,0,0,0,0,0,0,0,0,0,0
"Smith, Kevin",2964,DET,DET,9020,RB,13,0,0,0,0,0,0,0,0,37,134,1,0,16,10,79,1,0,0,0,0,0,0,0,0,0,0,0,0
"Smith, Lee",12013,BUF,BUF,9000,TE,16,0,0,0,0,0,0,0,0,0,0,0,0,4,4,13,2,0,0,0,0,0,0,0,0,0,0,0,0
"Smith, Michael",12486,TB,TB,9023,RB,1,0,0,0,0,0,0,0,0,0,0,0,0,0,0,0,0,0,0,0,0,0,0,0,0,0,0,0,0
"Smith, Rusty",11586,TEN,TEN,9007,QB,6,3,5,34,0,0,0,0,0,0,0,0,0,0,0,0,0,0,0,0,0,0,0,0,0,0,0,0,0
"Smith, Steve",2771,STL,STL,9025,WR,10,0,0,0,0,0,0,0,0,0,0,0,0,25,14,131,0,0,0,0,0,0,0,0,0,0,0,0,0
"Smith, Stevonne L.",1950,CAR,CAR,9028,WR,16,0,0,0,0,0,0,0,0,3,27,0,0,138,73,1174,4,0,0,0,0,0,0,0,0,0,0,0,1
"Smith, Torrey",11912,BAL,BAL,9030,WR,16,0,0,0,0,0,0,0,0,3,9,0,0,110,49,855,8,0,0,0,0,0,0,0,0,0,0,0,0
"Snelling, Jason",2829,ATL,ATL,9024,RB,16,0,0,0,0,0,0,0,0,18,63,0,0,35,31,203,1,0,0,0,0,0,0,0,0,0,0,0,1
"Spaeth, Matt",2779,CHI,CHI,9019,TE,16,0,0,0,0,0,0,0,0,0,0,0,0,10,6,28,1,0,0,0,0,0,0,0,0,0,0,0,0
"Spiller, C.J.",11419,BUF,BUF,9000,RB,16,0,0,0,0,0,0,0,0,207,1244,6,0,57,43,459,2,0,0,0,0,0,0,0,0,0,0,0,3
"Sproles, Darren",2513,NO,NO,9026,RB,13,0,0,0,0,0,0,0,0,48,244,1,1,104,75,667,7,0,0,0,0,0,0,0,0,0,0,0,0
"Spurlock, Michael",2746,SD,SD,9012,WR,16,0,0,0,0,0,0,0,0,0,0,0,0,29,23,200,1,0,0,0,0,0,0,0,0,0,0,0,0
"Stafford, Matthew",11001,DET,DET,9020,QB,16,435,727,4967,17,20,1,29,212,35,126,4,0,1,1,3,0,0,0,0,0,0,0,0,0,0,0,0,4
"Stallworth, Donte",2098,NE,NE,9003,WR,4,0,0,0,0,0,0,0,0,0,0,0,0,2,1,63,1,0,0,0,0,0,0,0,0,0,0,0,0
"Stanback, Isaiah",2788,JAC,JAC,9029,WR,2,0,0,0,0,0,0,0,0,0,0,0,0,1,1,6,0,0,0,0,0,0,0,0,0,0,0,0,0
"Stanton, Drew",2766,IND,IND,9001,QB,16,0,0,0,0,0,0,0,0,0,0,0,0,0,0,0,0,0,0,0,0,0,0,0,0,0,0,0,0
"Stanzi, Ricky",11989,KC,KC,9010,QB,3,0,0,0,0,0,0,0,0,0,0,0,0,0,0,0,0,0,0,0,0,0,0,0,0,0,0,0,0
"Starks, James",11603,GB,GB,9021,RB,7,0,0,0,0,0,0,0,0,71,255,1,0,6,4,31,0,0,0,0,0,0,0,0,0,0,0,0,0
"Stephens-Howling, LaRod",11240,ARI,ARI,9017,RB,14,0,0,0,0,0,0,0,0,111,357,4,0,30,17,106,0,0,0,0,0,0,0,0,0,0,0,0,0
"Stevens, Craig",2966,TEN,TEN,9007,TE,15,0,0,0,0,0,0,0,0,0,0,0,0,33,23,275,1,0,0,0,0,0,0,0,0,0,0,0,0
"Stewart, Jeremy",12835,OAK,OAK,9011,RB,8,0,0,0,0,0,0,0,0,25,101,0,0,8,8,62,0,0,0,0,0,0,0,0,0,0,0,0,0
"Stewart, Jonathan",2967,CAR,CAR,9028,RB,9,0,0,0,0,0,0,0,0,93,336,1,0,23,17,157,1,0,0,0,0,0,0,0,0,0,0,0,0
"Stocker, Luke",11958,TB,TB,9023,TE,16,0,0,0,0,0,0,0,0,0,0,0,0,27,16,165,1,0,0,0,0,0,0,0,0,0,0,0,0
"Stokley, Brandon",1642,DEN,DEN,9009,WR,15,0,0,0,0,0,0,0,0,0,0,0,0,58,45,544,5,0,0,0,0,0,0,0,0,0,0,0,0
"Streater, Rod",12781,OAK,OAK,9011,WR,16,0,0,0,0,0,0,0,0,0,0,0,0,74,39,584,3,1,0,0,0,0,0,0,0,0,0,0,1
"Stroughter, Sammie",11233,TB,TB,9023,WR,16,0,0,0,0,0,0,0,0,0,0,0,0,2,1,14,0,0,0,0,0,0,0,0,0,0,0,0,0
"Succop, Ryan",11256,KC,KC,9010,PK,16,0,0,0,0,0,0,0,0,0,0,0,0,0,0,0,0,0,17,17,0,28,34,0,4,12,10,2,0
"Suisham, Shaun",3178,PIT,PIT,9008,PK,16,0,0,0,0,0,0,0,0,1,-1,0,0,0,0,0,0,0,34,34,0,28,31,0,7,8,12,1,0
"Tamme, Jacob",2970,DEN,DEN,9009,TE,16,0,0,0,0,0,0,0,0,0,0,0,0,85,52,555,2,0,0,0,0,0,0,0,0,0,0,0,0
"Tandy, Keith",12448,TB,TB,9023,CB,3,0,0,0,0,0,0,0,0,1,18,0,0,0,0,0,0,0,0,0,0,0,0,0,0,0,0,0,0
"Tannehill, Ryan",12283,MIA,MIA,9002,QB,16,282,484,3294,13,12,2,36,237,48,214,2,0,0,0,0,0,0,0,0,0,0,0,0,0,0,0,0,4
"Tanner, Phillip",12155,DAL,DAL,9014,RB,15,0,0,0,0,0,0,0,0,25,61,0,0,5,4,41,0,0,0,0,0,0,0,0,0,0,0,0,0
"Tanney, Alex",12739,KC,KC,9010,QB,16,0,0,0,0,0,0,0,0,0,0,0,0,0,0,0,0,0,0,0,0,0,0,0,0,0,0,0,0
"Tate, Ben",11468,HOU,HOU,9031,RB,11,0,0,0,0,0,0,0,0,65,279,2,0,11,11,49,0,0,0,0,0,0,0,0,0,0,0,0,1
"Tate, Brandon",11083,CIN,CIN,9005,WR,16,0,0,0,0,0,0,0,0,1,0,0,0,25,13,211,1,0,0,0,0,0,0,0,0,0,0,0,1
"Tate, Golden",11470,SEA,SEA,9013,WR,15,1,1,23,0,1,0,0,0,3,20,0,0,67,45,688,7,0,0,0,0,0,0,0,0,0,0,0,1
"Taua, Vai",12797,SEA,SEA,9013,RB,5,0,0,0,0,0,0,0,0,0,0,0,0,0,0,0,0,0,0,0,0,0,0,0,0,0,0,0,0
"Ta'ufo'ou, Will",12119,JAC,JAC,9029,RB,2,0,0,0,0,0,0,0,0,0,0,0,0,1,1,5,0,0,0,0,0,0,0,0,0,0,0,0,0
"Taylor, Ryan",12072,GB,GB,9021,TE,16,0,0,0,0,0,0,0,0,0,0,0,0,1,1,11,0,0,0,0,0,0,0,0,0,0,0,0,0
"Taylor, Tyrod",12034,BAL,BAL,9030,QB,16,17,29,179,1,0,0,3,30,14,73,1,0,0,0,0,0,0,0,0,0,0,0,0,0,0,0,0,0
"Tebow, Tim",11435,NYJ,NYJ,9004,QB,15,6,8,39,0,0,0,1,2,33,97,0,0,1,0,0,0,0,0,0,0,0,0,0,0,0,0,0,0
"Thigpen, Marcus",12744,MIA,MIA,9002,RB,16,0,0,0,0,0,0,0,0,1,8,0,0,2,1,15,0,0,0,0,0,0,0,0,0,0,0,0,1
"Thigpen, Tyler",2818,BUF,BUF,9000,QB,16,3,5,30,0,0,0,0,0,1,-1,0,0,0,0,0,0,0,0,0,0,0,0,0,0,0,0,0,0
"Thomas, Daniel",11916,MIA,MIA,9002,RB,14,0,0,0,0,0,0,0,0,91,325,4,0,22,15,156,0,0,0,0,0,0,0,0,0,0,0,0,2
"Thomas, David",2632,NO,NO,9026,TE,15,0,0,0,0,0,0,0,0,0,0,0,0,17,11,86,4,0,0,0,0,0,0,0,0,0,0,0,0
"Thomas, Demaryius",11432,DEN,DEN,9009,WR,16,0,0,0,0,0,0,0,0,0,0,0,0,141,94,1442,10,0,0,0,0,0,0,0,0,0,0,0,3
"Thomas, Julius",11983,DEN,DEN,9009,TE,4,0,0,0,0,0,0,0,0,0,0,0,0,0,0,0,0,0,0,0,0,0,0,0,0,0,0,0,0
"Thomas, Mike",11107,DET,DET,9020,WR,16,0,0,0,0,0,0,0,0,7,57,0,0,40,18,108,1,0,0,0,0,0,0,0,0,0,0,0,0
"Thomas, Pierre",2851,NO,NO,9026,RB,16,0,0,0,0,0,0,0,0,105,473,1,0,53,39,354,1,0,0,0,0,0,0,0,0,0,0,0,0
"Thompson, Deonte",12673,BAL,BAL,9030,WR,8,0,0,0,0,0,0,0,0,0,0,0,0,6,5,51,0,0,0,0,0,0,0,0,0,0,0,0,1
"Thompson, Taylor",12419,TEN,TEN,9007,TE,16,0,0,0,0,0,0,0,0,0,0,0,0,13,6,46,0,0,0,0,0,0,0,0,0,0,0,0,0
"Todman, Jordan",12037,JAC,JAC,9029,RB,3,0,0,0,0,0,0,0,0,3,8,0,0,1,1,0,0,0,0,0,0,0,0,0,0,0,0,0,0
"Tolbert, Mike",2988,CAR,CAR,9028,RB,16,0,0,0,0,0,0,0,0,54,183,7,0,39,27,268,0,0,0,0,0,0,0,0,0,0,0,0,0
"Tolzien, Scott",12146,SF,SF,9027,QB,3,0,0,0,0,0,0,0,0,0,0,0,0,0,0,0,0,0,0,0,0,0,0,0,0,0,0,0,0
"Toston, Keith",11737,JAC,JAC,9029,RB,6,0,0,0,0,0,0,0,0,17,74,0,0,4,3,41,0,0,0,0,0,0,0,0,0,0,0,0,0
"Tucker, Justin",12674,BAL,BAL,9030,PK,16,0,0,0,0,0,0,0,0,0,0,0,0,0,0,0,0,0,42,42,0,30,33,0,8,8,10,4,0
"Turbin, Robert",12380,SEA,SEA,9013,RB,16,0,0,0,0,0,0,0,0,80,354,0,0,23,19,181,0,0,0,0,0,0,0,0,0,0,0,0,0
"Turner, Michael",3115,ATL,ATL,9024,RB,16,0,0,0,0,0,0,0,0,223,803,10,0,30,19,128,1,0,0,0,0,0,0,0,0,0,0,0,1
"Turner, Patrick",11087,NYJ,NYJ,9004,WR,4,0,0,0,0,0,0,0,0,0,0,0,0,5,0,0,0,0,0,0,0,0,0,0,0,0,0,0,0
"Turner, Robert",4152,STL,STL,9025,OG,16,0,0,0,0,0,0,0,0,0,0,0,0,0,0,0,0,0,0,0,0,0,0,0,0,0,0,0,0
"Tynes, Lawrence",3159,NYG,NYG,9015,PK,16,0,0,0,0,0,0,0,0,0,0,0,0,0,0,0,0,0,46,46,0,33,39,0,11,14,7,1,0
"Underwood, Tiquan",11253,TB,TB,9023,WR,15,0,0,0,0,0,0,0,0,1,1,0,0,55,28,425,2,0,0,0,0,0,0,0,0,0,0,0,0
"Unrein, Mitch",12157,DEN,DEN,9009,DT,5,0,0,0,0,0,0,0,0,0,0,0,0,1,1,1,1,0,0,0,0,0,0,0,0,0,0,0,0
"Veldman, Matt",12734,JAC,JAC,9029,TE,16,0,0,0,0,0,0,0,0,0,0,0,0,0,0,0,0,0,0,0,0,0,0,0,0,0,0,0,0
"Ventrone, Ray",8681,CLE,CLE,9006,S,1,0,0,0,0,0,0,0,0,1,35,0,0,0,0,0,0,0,0,0,0,0,0,0,0,0,0,0,0
"Vereen, Shane",11910,NE,NE,9003,RB,13,0,0,0,0,0,0,0,0,62,251,3,0,13,8,149,1,0,0,0,0,0,0,0,0,0,0,0,1
"Vick, Michael",1926,PHI,PHI,9016,QB,10,204,351,2362,10,12,0,28,153,62,345,1,0,0,0,0,0,0,0,0,0,0,0,0,0,0,0,0,5
"Vickers, Lawrence",2664,DAL,DAL,9014,RB,16,0,0,0,0,0,0,0,0,3,11,0,0,15,13,104,0,0,0,0,0,0,0,0,0,0,0,0,0
"Vinatieri, Adam",1356,IND,IND,9001,PK,16,0,0,0,0,0,0,0,0,0,0,0,0,0,0,0,0,0,37,37,0,26,33,0,9,4,9,4,0
"Walker, Delanie",2663,SF,SF,9027,TE,15,0,0,0,0,0,0,0,0,0,0,0,0,38,20,327,2,0,0,0,0,0,0,0,0,0,0,0,1
"Wallace, Mike",11084,PIT,PIT,9008,WR,16,0,0,0,0,0,0,0,0,5,7,0,0,119,64,836,8,0,0,0,0,0,0,0,0,0,0,0,1
"Walsh, Blair",12449,MIN,MIN,9022,PK,16,0,0,0,0,0,0,0,0,0,0,0,0,0,0,0,0,0,36,36,0,35,38,0,10,8,7,10,0
"Walter, Kevin",2337,HOU,HOU,9031,WR,16,0,0,0,0,0,0,0,0,0,0,0,0,68,41,518,2,0,0,0,0,0,0,0,0,0,0,0,0
"Ware, D.J.",2874,TB,TB,9023,RB,16,0,0,0,0,0,0,0,0,11,51,0,0,20,14,100,0,0,0,0,0,0,0,0,0,0,0,0,0
"Washington, Leon",2645,SEA,SEA,9013,RB,16,0,0,0,0,0,0,0,0,23,83,1,0,8,4,31,0,0,0,0,0,0,0,0,0,0,0,0,1
"Washington, Nate",2569,TEN,TEN,9007,WR,16,0,0,0,0,0,0,0,0,0,0,0,0,99,45,729,4,0,0,0,0,0,0,0,0,0,0,0,0
"Watson, Ben",3085,CLE,CLE,9006,TE,16,0,0,0,0,0,0,0,0,0,0,0,0,82,49,501,3,0,0,0,0,0,0,0,0,0,0,0,0
"Wayne, Reggie",1935,IND,IND,9001,WR,16,0,0,0,0,0,0,0,0,1,-5,0,0,195,106,1355,5,0,0,0,0,0,0,0,0,0,0,0,1
"Weatherford, Steve",3184,NYG,NYG,9015,P,16,0,0,0,0,0,0,0,0,0,0,0,0,0,0,0,0,0,0,0,0,0,0,0,0,0,0,0,0
"Webb, Joe",11609,MIN,MIN,9022,QB,16,0,0,0,0,0,0,0,0,1,-1,0,0,0,0,0,0,0,0,0,0,0,0,0,0,0,0,0,0
"Webb, Martell",12664,ARI,ARI,9017,TE,5,0,0,0,0,0,0,0,0,0,0,0,0,0,0,0,0,0,0,0,0,0,0,0,0,0,0,0,0
"Weeden, Brandon",12297,CLE,CLE,9006,QB,15,297,517,3385,17,14,0,28,186,27,111,0,0,0,0,0,0,0,0,0,0,0,0,0,0,0,0,0,1
"Weems, Eric",2882,CHI,CHI,9019,WR,16,0,0,0,0,0,0,0,0,0,0,0,0,4,2,27,0,0,0,0,0,0,0,0,0,0,0,0,0
"Welker, Wes",2430,NE,NE,9003,WR,16,0,0,0,0,0,0,0,0,2,20,0,0,175,118,1354,6,0,0,0,0,0,0,0,0,0,0,0,1
"Wells, Chris",11031,ARI,ARI,9017,RB,16,0,0,0,0,0,0,0,0,88,234,5,0,1,1,24,0,0,0,0,0,0,0,0,0,0,0,0,1
"Whalen, Griff",12727,IND,IND,9001,WR,16,0,0,0,0,0,0,0,0,0,0,0,0,0,0,0,0,0,0,0,0,0,0,0,0,0,0,0,0
"Whalen, Ryan",12021,CIN,CIN,9005,WR,9,0,0,0,0,0,0,0,0,0,0,0,0,12,7,53,0,0,0,0,0,0,0,0,0,0,0,0,0
"White, Johnny",11987,GB,GB,9021,RB,13,0,0,0,0,0,0,0,0,8,34,0,0,0,0,0,0,0,0,0,0,0,0,0,0,0,0,0,0
"White, Jordan",12518,NYJ,NYJ,9004,WR,1,0,0,0,0,0,0,0,0,0,0,0,0,3,1,13,0,0,0,0,0,0,0,0,0,0,0,0,0
"White, Sharod",2482,ATL,ATL,9024,WR,16,0,0,0,0,0,0,0,0,0,0,0,0,143,92,1351,7,0,0,0,0,0,0,0,0,0,0,0,0
"Whitehurst, Charlie",2628,SD,SD,9012,QB,15,0,0,0,0,0,0,0,0,0,0,0,0,0,0,0,0,0,0,0,0,0,0,0,0,0,0,0,0
"Williams, Damian",11487,TEN,TEN,9007,WR,13,0,0,0,0,0,0,0,0,0,0,0,0,45,30,324,0,0,0,0,0,0,0,0,0,0,0,0,0
"Williams, David D.J.",11995,GB,GB,9021,TE,13,0,0,0,0,0,0,0,0,0,0,0,0,15,7,57,0,0,0,0,0,0,0,0,0,0,0,0,0
"Williams, Deangelo",2611,CAR,CAR,9028,RB,16,0,0,0,0,0,0,0,0,173,737,5,0,20,13,187,2,0,0,0,0,0,0,0,0,0,0,0,2
"Williams, Keiland",11742,DET,DET,9020,RB,5,0,0,0,0,0,0,0,0,2,3,0,0,2,2,9,0,0,0,0,0,0,0,0,0,0,0,0,0
"Williams, Kyle",11616,SF,SF,9027,WR,15,0,0,0,0,0,0,0,0,3,18,0,0,18,13,194,1,0,0,0,0,0,0,0,0,0,0,0,0
"Williams, LaQuan",12113,BAL,BAL,9030,WR,12,0,0,0,0,0,0,0,0,0,0,0,0,0,0,0,0,0,0,0,0,0,0,0,0,0,0,0,0
"Williams, Michael A.",11511,TB,TB,9023,WR,16,1,1,28,0,0,0,0,0,0,0,0,0,126,63,996,9,0,0,0,0,0,0,0,0,0,0,0,0
"Williams, Ryan",11892,ARI,ARI,9017,RB,16,0,0,0,0,0,0,0,0,58,164,0,0,10,7,44,0,0,0,0,0,0,0,0,0,0,0,0,2
"Williams, Stephen",11670,ARI,ARI,9017,WR,16,0,0,0,0,0,0,0,0,0,0,0,0,0,0,0,0,0,0,0,0,0,0,0,0,0,0,0,0
"Willis, Matt",2861,DEN,DEN,9009,WR,15,0,0,0,0,0,0,0,0,0,0,0,0,22,10,90,0,0,0,0,0,0,0,0,0,0,0,0,0
"Wilson, David",12307,NYG,NYG,9015,RB,16,0,0,0,0,0,0,0,0,71,358,4,0,9,4,34,1,0,0,0,0,0,0,0,0,0,0,0,1
"Wilson, Russell",12349,SEA,SEA,9013,QB,16,252,393,3118,10,26,0,33,203,94,489,4,0,0,0,0,0,0,0,0,0,0,0,0,0,0,0,0,3
"Winslow, Kellen",3063,NE,NE,9003,TE,4,0,0,0,0,0,0,0,0,0,0,0,0,2,1,12,0,0,0,0,0,0,0,0,0,0,0,0,0
"Witten, Jason",2272,DAL,DAL,9014,TE,16,0,0,0,0,0,0,0,0,0,0,0,0,147,110,1039,3,0,0,0,0,0,0,0,0,0,0,0,0
"Woodhead, Danny",11331,NE,NE,9003,RB,16,0,0,0,0,0,0,0,0,76,301,4,0,55,40,446,3,0,0,0,0,0,0,0,0,0,0,0,0
"Wright, Jarius",12392,MIN,MIN,9022,WR,7,0,0,0,0,0,0,0,0,2,11,0,0,36,22,310,2,0,0,0,0,0,0,0,0,0,0,0,0
"Wright, Kendall",12295,TEN,TEN,9007,WR,15,0,0,0,0,0,0,0,0,1,4,0,0,104,64,626,4,0,0,0,0,0,0,0,0,0,0,0,1
"Wylie, Devon",12381,KC,KC,9010,WR,7,0,0,0,0,0,0,0,0,0,0,0,0,12,6,53,0,0,0,0,0,0,0,0,0,0,0,0,0
"Yates, T.J.",12006,HOU,HOU,9031,QB,16,4,10,38,1,0,0,1,0,2,-1,1,0,0,0,0,0,0,0,0,0,0,0,0,0,0,0,0,1
"Yeatman, Will",12134,MIA,MIA,9002,TE,16,0,0,0,0,0,0,0,0,0,0,0,0,0,0,0,0,0,0,0,0,0,0,0,0,0,0,0,0
"Young, Darrel",11743,WAS,WAS,9018,RB,16,0,0,0,0,0,0,0,0,14,60,0,0,9,8,109,2,0,0,0,0,0,0,0,0,0,0,0,0
"Young, Titus",11898,DET,DET,9020,WR,14,0,0,0,0,0,0,0,0,2,16,0,0,56,33,383,4,0,0,0,0,0,0,0,0,0,0,0,0
"Zastudil, Dave",3041,ARI,ARI,9017,P,16,0,0,0,0,0,0,0,0,0,0,0,0,0,0,0,0,0,0,0,0,0,0,0,0,0,0,0,0
"Zuerlein, Greg",12445,STL,STL,9025,PK,16,0,0,0,0,0,0,0,0,0,0,0,0,0,0,0,0,0,26,26,0,23,31,0,5,4,7,7,0
