"Abdullah, Ameer",14773,DET,DET,9020,RB,2,0,0,0,0,0,0,0,0,32,116,0,0,4,3,11,0,0,0,0,0,0,0,0,0,0,0,0,0
"Adams, Davante",14060,GB,GB,9021,WR,2,0,0,0,0,0,0,0,0,0,0,0,0,17,11,146,1,0,0,0,0,0,0,0,0,0,0,0,0
"Adams, Jerell",15501,NYG,NYG,9015,TE,1,0,0,0,0,0,0,0,0,0,0,0,0,1,1,38,0,0,0,0,0,0,0,0,0,0,0,0,0
"Agholor, Nelson",14774,PHI,PHI,9016,WR,2,0,0,0,0,0,0,0,0,0,0,0,0,11,7,95,2,0,0,0,0,0,0,0,0,0,0,0,0
"Aiken, Kamar",12226,IND,IND,9001,WR,2,0,0,0,0,0,0,0,0,0,0,0,0,11,4,34,0,0,0,0,0,0,0,0,0,0,0,0,0
"Ajayi, Jay",14775,MIA,MIA,9002,RB,1,0,0,0,0,0,0,0,0,28,122,0,0,2,2,4,0,0,0,0,0,0,0,0,0,0,0,0,0
"Allen, Dwayne",12338,NE,NE,9003,TE,2,0,0,0,0,0,0,0,0,0,0,0,0,3,0,0,0,0,0,0,0,0,0,0,0,0,0,0,0
"Allen, Javorius",15480,BAL,BAL,9030,RB,2,0,0,0,0,0,0,0,0,35,137,0,0,7,5,35,1,0,0,0,0,0,0,0,0,0,0,0,0
"Allen, Keenan",13076,LAC,LAC,9012,WR,2,0,0,0,0,0,0,0,0,0,0,0,0,20,14,135,1,0,0,0,0,0,0,0,0,0,0,0,0
"Allison, Geronimo",15853,GB,GB,9021,WR,1,0,0,0,0,0,0,0,0,0,0,0,0,5,3,24,0,0,0,0,0,0,0,0,0,0,0,0,0
"Amendola, Danny",11321,NE,NE,9003,WR,1,0,0,0,0,0,0,0,0,0,0,0,0,7,6,100,0,0,0,0,0,0,0,0,0,0,0,0,0
"Anderson, C.J.",13080,DEN,DEN,9009,RB,2,0,0,0,0,0,0,0,0,45,199,1,0,6,4,43,1,0,0,0,0,0,0,0,0,0,0,0,0
"Anderson, Robby",15717,NYJ,NYJ,9004,WR,2,0,0,0,0,0,0,0,0,0,0,0,0,12,6,50,0,0,0,0,0,0,0,0,0,0,0,0,0
"Anderson, Stephen",15718,HOU,HOU,9031,TE,1,0,0,0,0,0,0,0,0,0,0,0,0,5,2,14,0,0,0,0,0,0,0,0,0,0,0,0,0
"Austin, Tavon",13088,LAR,LAR,9025,WR,2,0,0,0,0,0,0,0,0,5,19,0,0,4,1,7,0,0,0,0,0,0,0,0,0,0,0,0,1
"Bailey, Dan",12149,DAL,DAL,9014,PK,2,0,0,0,0,0,0,0,0,0,0,0,0,0,0,0,0,0,3,3,0,5,5,0,1,1,2,1,0
"Baldwin, Doug",12173,SEA,SEA,9013,WR,2,0,0,0,0,0,0,0,0,1,-3,0,0,13,10,107,0,0,0,0,0,0,0,0,0,0,0,0,0
"Barber, Peyton",15837,TB,TB,9023,RB,1,0,0,0,0,0,0,0,0,10,47,0,0,0,0,0,0,0,0,0,0,0,0,0,0,0,0,0,0
"Barth, Connor",3203,CHI,CHI,9019,PK,2,0,0,0,0,0,0,0,0,0,0,0,0,0,0,0,0,0,3,3,0,1,1,0,0,0,0,1,0
"Beasley, Cole",12699,DAL,DAL,9014,WR,2,0,0,0,0,0,0,0,0,0,0,0,0,13,7,65,0,0,0,0,0,0,0,0,0,0,0,0,0
"Beckham Jr., Odell",14092,NYG,NYG,9015,WR,1,0,0,0,0,0,0,0,0,0,0,0,0,5,4,36,0,0,0,0,0,0,0,0,0,0,0,0,0
"Bell, Blake",14798,MIN,MIN,9022,TE,1,0,0,0,0,0,0,0,0,0,0,0,0,1,0,0,0,0,0,0,0,0,0,0,0,0,0,0,0
"Bell, Le'Veon",13109,PIT,PIT,9008,RB,2,0,0,0,0,0,0,0,0,37,119,0,0,10,7,19,0,0,0,0,0,0,0,0,0,0,0,0,0
"Bellamy, Joshua",12621,CHI,CHI,9019,WR,2,0,0,0,0,0,0,0,0,0,0,0,0,11,7,78,0,0,0,0,0,0,0,0,0,0,0,0,0
"Benjamin, Kelvin",14094,CAR,CAR,9028,WR,2,0,0,0,0,0,0,0,0,0,0,0,0,13,7,102,0,0,0,0,0,0,0,0,0,0,0,0,0
"Benjamin, Travis",12374,LAC,LAC,9012,WR,2,0,0,0,0,0,0,0,0,0,0,0,0,7,4,54,1,0,0,0,0,0,0,0,0,0,0,0,0
"Benn, Arrelious",11449,JAC,JAC,9029,WR,1,0,0,0,0,0,0,0,0,0,0,0,0,1,1,12,0,0,0,0,0,0,0,0,0,0,0,0,0
"Bennett, Martellus",2892,GB,GB,9021,TE,2,0,0,0,0,0,0,0,0,0,0,0,0,17,8,90,0,0,0,0,0,0,0,0,0,0,0,0,0
"Bernard, Giovani",13110,CIN,CIN,9005,RB,2,0,0,0,0,0,0,0,0,12,50,0,0,6,3,55,0,0,0,0,0,0,0,0,0,0,0,0,0
"Blount, LeGarrette",11746,PHI,PHI,9016,RB,2,0,0,0,0,0,0,0,0,14,46,0,0,2,2,1,1,0,0,0,0,0,0,0,0,0,0,0,0
"Bohanon, Tommy",13116,JAC,JAC,9029,RB,1,0,0,0,0,0,0,0,0,1,0,0,0,1,1,1,1,0,0,0,0,0,0,0,0,0,0,0,0
"Bortles, Blake",14108,JAC,JAC,9029,QB,2,31,55,348,2,2,0,2,12,7,42,0,0,0,0,0,0,0,0,0,0,0,0,0,0,0,0,0,1
"Boswell, Chris",14110,PIT,PIT,9008,PK,2,0,0,0,0,0,0,0,0,0,0,0,0,0,0,0,0,0,5,5,0,4,4,0,1,1,2,0,0
"Boyd, Tyler",15515,CIN,CIN,9005,WR,1,0,0,0,0,0,0,0,0,0,0,0,0,4,1,11,0,0,0,0,0,0,0,0,0,0,0,0,0
"Boyle, Nick",14812,BAL,BAL,9030,TE,2,0,0,0,0,0,0,0,0,0,0,0,0,2,2,23,0,0,0,0,0,0,0,0,0,0,0,0,0
"Bradford, Sam",11411,MIN,MIN,9022,QB,1,27,32,346,0,3,0,1,5,2,-3,0,0,0,0,0,0,0,0,0,0,0,0,0,0,0,0,0,0
"Brady, Tom",1812,NE,NE,9003,QB,2,46,75,714,0,3,0,5,31,4,9,0,0,0,0,0,0,0,0,0,0,0,0,0,0,0,0,0,0
"Brate, Cameron",14115,TB,TB,9023,TE,1,0,0,0,0,0,0,0,0,0,0,0,0,3,2,24,0,0,0,0,0,0,0,0,0,0,0,0,0
"Brees, Drew",1937,NO,NO,9026,QB,2,54,82,647,0,3,0,2,15,0,0,0,0,0,0,0,0,0,0,0,0,0,0,0,0,0,0,0,0
"Breida, Matt",16140,SF,SF,9027,RB,2,0,0,0,0,0,0,0,0,8,46,0,0,2,1,3,0,0,0,0,0,0,0,0,0,0,0,0,0
"Brissett, Jacoby",15518,IND,IND,9001,QB,2,22,40,267,1,0,0,4,26,6,22,0,0,0,0,0,0,0,0,0,0,0,0,0,0,0,0,0,0
"Britt, Kenny",11030,CLE,CLE,9006,WR,2,0,0,0,0,0,0,0,0,0,0,0,0,5,2,15,0,0,0,0,0,0,0,0,0,0,0,0,0
"Brown, Antonio",11605,PIT,PIT,9008,WR,2,0,0,0,0,0,0,0,0,0,0,0,0,22,16,244,0,0,0,0,0,0,0,0,0,0,0,0,0
"Brown, Jaron",13651,ARI,ARI,9017,WR,1,0,0,0,0,0,0,0,0,0,0,0,0,11,4,73,0,0,0,0,0,0,0,0,0,0,0,0,0
"Brown, John",14125,ARI,ARI,9017,WR,1,0,0,0,0,0,0,0,0,1,10,0,0,9,4,32,0,0,0,0,0,0,0,0,0,0,0,0,0
"Brown, Malcolm",14819,LAR,LAR,9025,RB,2,0,0,0,0,0,0,0,0,7,16,1,0,1,1,-4,0,0,0,0,0,0,0,0,0,0,0,0,0
"Bryant, Dez",11434,DAL,DAL,9014,WR,2,0,0,0,0,0,0,0,0,0,0,0,0,25,9,102,1,0,0,0,0,0,0,0,0,0,0,0,0
"Bryant, Martavis",14131,PIT,PIT,9008,WR,2,0,0,0,0,0,0,0,0,1,7,0,0,10,5,105,1,0,0,0,0,0,0,0,0,0,0,0,0
"Bryant, Matt",3045,ATL,ATL,9024,PK,2,0,0,0,0,0,0,0,0,0,0,0,0,0,0,0,0,0,6,6,0,5,5,0,1,1,1,2,0
"Bullock, Randy",12435,CIN,CIN,9005,PK,1,0,0,0,0,0,0,0,0,0,0,0,0,0,0,0,0,0,0,0,0,3,3,0,1,2,0,0,0
"Burkhead, Rex",13141,NE,NE,9003,RB,2,0,0,0,0,0,0,0,0,5,18,0,0,7,4,49,1,0,0,0,0,0,0,0,0,0,0,0,0
"Burton, Michael",14822,CHI,CHI,9019,RB,1,0,0,0,0,0,0,0,0,1,7,0,0,0,0,0,0,0,0,0,0,0,0,0,0,0,0,0,0
"Burton, Trey",14136,PHI,PHI,9016,TE,1,0,0,0,0,0,0,0,0,0,0,0,0,1,1,10,0,0,0,0,0,0,0,0,0,0,0,0,0
"Butler, Brice",13144,DAL,DAL,9014,WR,2,0,0,0,0,0,0,0,0,0,0,0,0,5,2,48,0,0,0,0,0,0,0,0,0,0,0,0,0
"Byrd, Damiere",15457,CAR,CAR,9028,WR,2,0,0,0,0,0,0,0,0,0,0,0,0,2,0,0,0,0,0,0,0,0,0,0,0,0,0,0,0
"Campanaro, Michael",14140,BAL,BAL,9030,WR,2,0,0,0,0,0,0,0,0,2,7,0,0,0,0,0,0,0,0,0,0,0,0,0,0,0,0,0,0
"Carr, Derek",14142,OAK,OAK,9011,QB,2,45,60,492,0,5,0,2,12,2,2,0,0,0,0,0,0,0,0,0,0,0,0,0,0,0,0,0,0
"Carrier, Derek",13155,LAR,LAR,9025,TE,2,0,0,0,0,0,0,0,0,0,0,0,0,3,2,21,0,0,0,0,0,0,0,0,0,0,0,0,0
"Carson, Chris",16107,SEA,SEA,9013,RB,2,0,0,0,0,0,0,0,0,26,132,0,0,3,2,17,0,0,0,0,0,0,0,0,0,0,0,0,0
"Catanzaro, Chandler",14147,NYJ,NYJ,9004,PK,2,0,0,0,0,0,0,0,0,0,0,0,0,0,0,0,0,0,2,2,0,4,4,0,0,0,3,1,0
"Celek, Brent",2803,PHI,PHI,9016,TE,1,0,0,0,0,0,0,0,0,0,0,0,0,2,1,11,0,0,0,0,0,0,0,0,0,0,0,0,0
"Celek, Garrett",12874,SF,SF,9027,TE,1,0,0,0,0,0,0,0,0,0,0,0,0,1,1,6,0,0,0,0,0,0,0,0,0,0,0,0,0
"Charles, Jamaal",2902,DEN,DEN,9009,RB,2,0,0,0,0,0,0,0,0,19,86,0,0,2,1,6,0,0,0,0,0,0,0,0,0,0,0,0,1
"Clay, Charles",12028,BUF,BUF,9000,TE,2,0,0,0,0,0,0,0,0,0,0,0,0,12,7,76,1,0,0,0,0,0,0,0,0,0,0,0,0
"Coates, Sammie",14842,CLE,CLE,9006,WR,1,0,0,0,0,0,0,0,0,0,0,0,0,4,0,0,0,0,0,0,0,0,0,0,0,0,0,0,0
"Cobb, Randall",11918,GB,GB,9021,WR,2,0,0,0,0,0,0,0,0,1,10,0,0,22,15,145,0,0,0,0,0,0,0,0,0,0,0,0,0
"Cohen, Tarik",16001,CHI,CHI,9019,RB,2,0,0,0,0,0,0,0,0,12,79,0,0,21,16,102,1,0,0,0,0,0,0,0,0,0,0,0,1
"Cole, Keelan",16153,JAC,JAC,9029,WR,1,0,0,0,0,0,0,0,0,0,0,0,0,3,2,13,0,0,0,0,0,0,0,0,0,0,0,0,0
"Coleman, Brandon",14158,NO,NO,9026,WR,2,0,0,0,0,0,0,0,0,0,0,0,0,9,6,95,1,0,0,0,0,0,0,0,0,0,0,0,0
"Coleman, Corey",15538,CLE,CLE,9006,WR,2,0,0,0,0,0,0,0,0,0,0,0,0,13,6,62,1,0,0,0,0,0,0,0,0,0,0,0,0
"Coleman, Tevin",14845,ATL,ATL,9024,RB,2,0,0,0,0,0,0,0,0,14,58,0,0,8,6,45,1,0,0,0,0,0,0,0,0,0,0,0,0
"Collins, Alex",15539,BAL,BAL,9030,RB,1,0,0,0,0,0,0,0,0,7,42,0,0,0,0,0,0,0,0,0,0,0,0,0,0,0,0,0,1
"Conley, Chris",14849,KC,KC,9010,WR,2,0,0,0,0,0,0,0,0,0,0,0,0,8,6,98,0,0,0,0,0,0,0,0,0,0,0,0,0
"Conner, James",15988,PIT,PIT,9008,RB,2,0,0,0,0,0,0,0,0,5,20,0,0,0,0,0,0,0,0,0,0,0,0,0,0,0,0,0,0
"Cook, Dalvin",15930,MIN,MIN,9022,RB,2,0,0,0,0,0,0,0,0,34,191,0,0,8,5,10,0,0,0,0,0,0,0,0,0,0,0,0,0
"Cook, Jared",11089,OAK,OAK,9011,TE,2,0,0,0,0,0,0,0,0,0,0,0,0,11,9,81,0,0,0,0,0,0,0,0,0,0,0,0,0
"Cooks, Brandin",14164,NE,NE,9003,WR,2,0,0,0,0,0,0,0,0,2,6,0,0,11,5,125,0,0,0,0,0,0,0,0,0,0,0,0,0
"Cooper, Amari",14852,OAK,OAK,9011,WR,2,0,0,0,0,0,0,0,0,0,0,0,0,18,9,95,1,0,0,0,0,0,0,0,0,0,0,0,0
"Core, Cody",15543,CIN,CIN,9005,WR,1,0,0,0,0,0,0,0,0,0,0,0,0,2,0,0,0,0,0,0,0,0,0,0,0,0,0,0,0
"Cousins, Kirk",12376,WAS,WAS,9018,QB,2,41,67,419,1,2,0,6,63,7,37,0,0,0,0,0,0,0,0,0,0,0,0,0,0,0,0,0,2
"Crabtree, Michael",11010,OAK,OAK,9011,WR,2,0,0,0,0,0,0,0,0,0,0,0,0,13,12,163,3,0,0,0,0,0,0,0,0,0,0,0,0
"Crosby, Mason",3189,GB,GB,9021,PK,2,0,0,0,0,0,0,0,0,0,0,0,0,0,0,0,0,0,4,4,0,2,2,0,1,0,1,0,0
"Cross, Alan",15728,TB,TB,9023,TE,1,0,0,0,0,0,0,0,0,0,0,0,0,1,1,6,0,0,0,0,0,0,0,0,0,0,0,0,0
"Crowder, Jamison",14860,WAS,WAS,9018,WR,2,0,0,0,0,0,0,0,0,0,0,0,0,12,7,61,0,0,0,0,0,0,0,0,0,0,0,0,1
"Crowell, Isaiah",14174,CLE,CLE,9006,RB,2,0,0,0,0,0,0,0,0,27,70,0,1,3,2,33,0,0,0,0,0,0,0,0,0,0,0,0,0
"Cutler, Jay",2608,MIA,MIA,9002,QB,1,24,33,230,0,1,0,2,5,2,-1,0,0,0,0,0,0,0,0,0,0,0,0,0,0,0,0,0,0
"Dalton, Andy",11889,CIN,CIN,9005,QB,2,36,66,394,4,0,0,8,37,3,7,0,0,0,0,0,0,0,0,0,0,0,0,0,0,0,0,0,1
"Darboh, Amara",15989,SEA,SEA,9013,WR,2,0,0,0,0,0,0,0,0,0,0,0,0,2,1,16,0,0,0,0,0,0,0,0,0,0,0,0,0
"Darkwa, Orleans",14179,NYG,NYG,9015,RB,2,0,0,0,0,0,0,0,0,6,31,0,0,2,2,2,0,0,0,0,0,0,0,0,0,0,0,0,0
"Davis, Corey",15898,TEN,TEN,9007,WR,2,0,0,0,0,0,0,0,0,0,0,0,0,13,7,73,0,0,0,0,0,0,0,0,0,0,0,0,0
"Davis, Justin",16157,LAR,LAR,9025,RB,1,0,0,0,0,0,0,0,0,1,1,0,0,0,0,0,0,0,0,0,0,0,0,0,0,0,0,0,0
"Davis, Trevor",15549,GB,GB,9021,WR,1,0,0,0,0,0,0,0,0,0,0,0,0,1,1,9,0,0,0,0,0,0,0,0,0,0,0,0,0
"Davis, Vernon",2606,WAS,WAS,9018,TE,1,0,0,0,0,0,0,0,0,0,0,0,0,1,1,13,0,0,0,0,0,0,0,0,0,0,0,0,0
"Dawson, Phil",1699,ARI,ARI,9017,PK,2,0,0,0,0,0,0,0,0,0,0,0,0,0,0,0,0,0,3,3,0,4,6,0,2,1,1,0,0
"Dayes, Matthew",16110,CLE,CLE,9006,RB,1,0,0,0,0,0,0,0,0,3,7,0,0,2,2,9,0,0,0,0,0,0,0,0,0,0,0,0,0
"Decker, Eric",11497,TEN,TEN,9007,WR,2,0,0,0,0,0,0,0,0,0,0,0,0,13,6,42,0,0,0,0,0,0,0,0,0,0,0,0,0
"Derby, A.J.",14881,DEN,DEN,9009,TE,1,0,0,0,0,0,0,0,0,0,0,0,0,3,3,34,0,0,0,0,0,0,0,0,0,0,0,0,0
"DeValve, Seth",15551,CLE,CLE,9006,TE,2,0,0,0,0,0,0,0,0,0,0,0,0,9,6,103,0,0,0,0,0,0,0,0,0,0,0,0,0
"Develin, James",12757,NE,NE,9003,RB,1,0,0,0,0,0,0,0,0,0,0,0,0,1,1,6,0,0,0,0,0,0,0,0,0,0,0,0,0
"Dickson, Ed",11480,CAR,CAR,9028,TE,2,0,0,0,0,0,0,0,0,0,0,0,0,4,2,26,0,0,0,0,0,0,0,0,0,0,0,0,0
"Diggs, Stefon",14887,MIN,MIN,9022,WR,2,0,0,0,0,0,0,0,0,2,-2,0,0,14,9,120,2,0,0,0,0,0,0,0,0,0,0,0,0
"DiMarco, Patrick",12622,BUF,BUF,9000,RB,2,0,0,0,0,0,0,0,0,0,0,0,0,2,1,5,0,0,0,0,0,0,0,0,0,0,0,0,0
"Dorsett, Phillip",14890,NE,NE,9003,WR,2,0,0,0,0,0,0,0,0,1,7,0,0,4,3,68,0,0,0,0,0,0,0,0,0,0,0,0,0
"Doyle, Jack",13686,IND,IND,9001,TE,2,0,0,0,0,0,0,0,0,0,0,0,0,11,10,120,0,0,0,0,0,0,0,0,0,0,0,0,0
"Drake, Kenyan",15558,MIA,MIA,9002,RB,1,0,0,0,0,0,0,0,0,1,-3,0,0,0,0,0,0,0,0,0,0,0,0,0,0,0,0,0,0
"Ebron, Eric",14203,DET,DET,9020,TE,2,0,0,0,0,0,0,0,0,0,0,0,0,8,7,51,1,0,0,0,0,0,0,0,0,0,0,0,0
"Eifert, Tyler",13209,CIN,CIN,9005,TE,2,0,0,0,0,0,0,0,0,0,0,0,0,5,4,46,0,0,0,0,0,0,0,0,0,0,0,0,0
"Ekeler, Austin",16161,LAC,LAC,9012,RB,1,0,0,0,0,0,0,0,0,0,0,0,0,2,2,18,0,0,0,0,0,0,0,0,0,0,0,0,0
"Ellington, Andre",13211,ARI,ARI,9017,RB,2,0,0,0,0,0,0,0,0,2,11,0,0,8,5,47,0,0,0,0,0,0,0,0,0,0,0,0,0
"Elliott, Ezekiel",15562,DAL,DAL,9014,RB,2,0,0,0,0,0,0,0,0,33,112,0,0,10,9,50,0,0,0,0,0,0,0,0,0,0,0,0,0
"Elliott, Jake",16029,PHI,PHI,9016,PK,1,0,0,0,0,0,0,0,0,0,0,0,0,0,0,0,0,0,2,2,0,2,3,0,0,1,1,0,0
"Ellison, Rhett",12402,NYG,NYG,9015,TE,2,0,0,0,0,0,0,0,0,0,0,0,0,3,3,30,0,0,0,0,0,0,0,0,0,0,0,0,0
"Engram, Evan",15915,NYG,NYG,9015,TE,2,0,0,0,0,0,0,0,0,0,0,0,0,12,8,93,1,0,0,0,0,0,0,0,0,0,0,0,0
"Erickson, Alex",15733,CIN,CIN,9005,WR,1,0,0,0,0,0,0,0,0,1,2,0,0,6,4,62,0,0,0,0,0,0,0,0,0,0,0,0,0
"Ertz, Zach",13213,PHI,PHI,9016,TE,2,0,0,0,0,0,0,0,0,0,0,0,0,18,13,190,0,0,0,0,0,0,0,0,0,0,0,0,0
"Ervin, Tyler",15563,HOU,HOU,9031,RB,2,0,0,0,0,0,0,0,0,3,8,0,0,10,7,34,0,0,0,0,0,0,0,0,0,0,0,0,0
"Evans, Mike",14212,TB,TB,9023,WR,1,0,0,0,0,0,0,0,0,0,0,0,0,9,7,93,1,0,0,0,0,0,0,0,0,0,0,0,0
"Everett, Gerald",15933,LAR,LAR,9025,TE,2,0,0,0,0,0,0,0,0,0,0,0,0,4,4,134,0,0,0,0,0,0,0,0,0,0,0,0,0
"Fairbairn, Ka'imi",15735,HOU,HOU,9031,PK,2,0,0,0,0,0,0,0,0,0,0,0,0,0,0,0,0,0,2,2,0,2,2,0,1,0,1,0,0
"Fells, Darren",13222,DET,DET,9020,TE,1,0,0,0,0,0,0,0,0,0,0,0,0,1,1,3,0,0,0,0,0,0,0,0,0,0,0,0,0
"Fiedorowicz, C.J.",14220,HOU,HOU,9031,TE,1,0,0,0,0,0,0,0,0,0,0,0,0,4,4,46,0,0,0,0,0,0,0,0,0,0,0,0,0
"Fitzgerald, Larry",3061,ARI,ARI,9017,WR,2,0,0,0,0,0,0,0,0,0,0,0,0,19,9,95,0,0,0,0,0,0,0,0,0,0,0,0,0
"Fitzpatrick, Ryan",2548,TB,TB,9023,QB,1,0,1,0,0,0,0,0,0,2,-2,0,0,0,0,0,0,0,0,0,0,0,0,0,0,0,0,0,0
"Flacco, Joe",2913,BAL,BAL,9030,QB,2,34,51,338,2,3,0,3,26,1,-1,0,0,0,0,0,0,0,0,0,0,0,0,0,0,0,0,0,0
"Fleener, Coby",12309,NO,NO,9026,TE,2,0,0,0,0,0,0,0,0,0,0,0,0,10,8,87,2,0,0,0,0,0,0,0,0,0,0,0,0
"Fluellen, David",14227,TEN,TEN,9007,RB,1,0,0,0,0,0,0,0,0,3,18,0,0,0,0,0,0,0,0,0,0,0,0,0,0,0,0,0,0
"Folk, Nick",3188,TB,TB,9023,PK,1,0,0,0,0,0,0,0,0,0,0,0,0,0,0,0,0,0,2,3,0,3,3,0,1,0,1,1,0
"Forbath, Kai",13009,MIN,MIN,9022,PK,2,0,0,0,0,0,0,0,0,0,0,0,0,0,0,0,0,0,2,4,0,4,4,0,1,1,2,0,0
"Foreman, D'Onta",15972,HOU,HOU,9031,RB,2,0,0,0,0,0,0,0,0,13,44,0,0,0,0,0,0,0,0,0,0,0,0,0,0,0,0,0,0
"Forte, Matt",2916,NYJ,NYJ,9004,RB,2,0,0,0,0,0,0,0,0,15,69,0,0,9,6,58,0,0,0,0,0,0,0,0,0,0,0,0,0
"Fournette, Leonard",15897,JAC,JAC,9029,RB,2,0,0,0,0,0,0,0,0,40,140,2,0,8,5,45,0,0,0,0,0,0,0,0,0,0,0,0,0
"Fowler III, Bennie",14231,DEN,DEN,9009,WR,2,0,0,0,0,0,0,0,0,0,0,0,0,7,4,29,2,0,0,0,0,0,0,0,0,0,0,0,0
"Fowler, Jalston",14912,TEN,TEN,9007,RB,1,0,0,0,0,0,0,0,0,1,3,1,0,0,0,0,0,0,0,0,0,0,0,0,0,0,0,0,0
"Freeman, Devonta",14235,ATL,ATL,9024,RB,2,0,0,0,0,0,0,0,0,31,121,3,0,4,4,18,0,0,0,0,0,0,0,0,0,0,0,0,0
"Funchess, Devin",14918,CAR,CAR,9028,WR,2,0,0,0,0,0,0,0,0,0,0,0,0,9,6,88,0,0,0,0,0,0,0,0,0,0,0,0,0
"Gabriel, Taylor",14239,ATL,ATL,9024,WR,2,0,0,0,0,0,0,0,0,1,7,0,0,7,5,50,0,0,0,0,0,0,0,0,0,0,0,0,0
"Gano, Graham",11369,CAR,CAR,9028,PK,2,0,0,0,0,0,0,0,0,0,0,0,0,0,0,0,0,0,2,2,0,6,6,0,3,3,0,0,0
"Garcon, Pierre",2918,SF,SF,9027,WR,2,0,0,0,0,0,0,0,0,0,0,0,0,15,9,107,0,0,0,0,0,0,0,0,0,0,0,0,0
"Gates, Antonio",2373,LAC,LAC,9012,TE,2,0,0,0,0,0,0,0,0,0,0,0,0,7,4,28,1,0,0,0,0,0,0,0,0,0,0,0,0
"Gentry, Tanner",16260,CHI,CHI,9019,WR,1,0,0,0,0,0,0,0,0,0,0,0,0,3,2,27,0,0,0,0,0,0,0,0,0,0,0,0,0
"Gillislee, Mike",13237,NE,NE,9003,RB,2,0,0,0,0,0,0,0,0,33,114,4,0,0,0,0,0,0,0,0,0,0,0,0,0,0,0,0,0
"Ginn Jr., Ted",2755,NO,NO,9026,WR,2,0,0,0,0,0,0,0,0,1,5,0,0,11,7,77,0,0,0,0,0,0,0,0,0,0,0,0,0
"Glennon, Mike",13238,CHI,CHI,9019,QB,2,57,85,514,2,2,0,5,48,0,0,0,0,0,0,0,0,0,0,0,0,0,0,0,0,0,0,0,1
"Godwin, Chris",15968,TB,TB,9023,WR,1,0,0,0,0,0,0,0,0,0,0,0,0,0,0,0,0,0,0,0,0,0,0,0,0,0,0,0,0
"Goff, Jared",15574,LAR,LAR,9025,QB,2,35,53,525,1,2,0,3,20,4,3,0,0,0,0,0,0,0,0,0,0,0,0,0,0,0,0,0,0
"Golden, Brittan",13242,ARI,ARI,9017,WR,1,0,0,0,0,0,0,0,0,0,0,0,0,2,1,29,0,0,0,0,0,0,0,0,0,0,0,0,0
"Golladay, Kenny",15979,DET,DET,9020,WR,2,0,0,0,0,0,0,0,0,0,0,0,0,10,5,77,2,0,0,0,0,0,0,0,0,0,0,0,0
"Gonzalez, Zane",16086,CLE,CLE,9006,PK,2,0,0,0,0,0,0,0,0,0,0,0,0,0,0,0,0,0,2,2,0,2,2,0,1,1,0,0,0
"Goodwin, Marquise",13245,SF,SF,9027,WR,2,0,0,0,0,0,0,0,0,0,0,0,0,12,6,47,0,0,0,0,0,0,0,0,0,0,0,0,0
"Gordon, Melvin",14934,LAC,LAC,9012,RB,2,0,0,0,0,0,0,0,0,27,67,1,0,14,12,90,1,0,0,0,0,0,0,0,0,0,0,0,0
"Gore, Frank",2491,IND,IND,9001,RB,2,0,0,0,0,0,0,0,0,24,88,1,0,3,1,10,0,0,0,0,0,0,0,0,0,0,0,0,0
"Gostkowski, Stephen",3180,NE,NE,9003,PK,2,0,0,0,0,0,0,0,0,0,0,0,0,0,0,0,0,0,6,7,0,5,5,0,4,1,0,0,0
"Gould, Robbie",3177,SF,SF,9027,PK,2,0,0,0,0,0,0,0,0,0,0,0,0,0,0,0,0,0,0,0,0,4,4,0,0,2,2,0,0
"Graham, Jimmy",11505,SEA,SEA,9013,TE,2,0,0,0,0,0,0,0,0,0,0,0,0,9,4,9,0,0,0,0,0,0,0,0,0,0,0,0,0
"Grant, Corey",14935,JAC,JAC,9029,RB,1,0,0,0,0,0,0,0,0,1,13,0,0,0,0,0,0,0,0,0,0,0,0,0,0,0,0,0,0
"Grant, Ryan",2846,WAS,WAS,9018,WR,2,0,0,0,0,0,0,0,0,0,0,0,0,8,5,72,1,0,0,0,0,0,0,0,0,0,0,0,0
"Green, A.J.",11858,CIN,CIN,9005,WR,2,0,0,0,0,0,0,0,0,0,0,0,0,18,10,141,0,0,0,0,0,0,0,0,0,0,0,0,0
"Green, Virgil",12058,DEN,DEN,9009,TE,2,0,0,0,0,0,0,0,0,0,0,0,0,4,3,55,1,0,0,0,0,0,0,0,0,0,0,0,0
"Gresham, Jermaine",11431,ARI,ARI,9017,TE,1,0,0,0,0,0,0,0,0,0,0,0,0,4,3,15,0,0,0,0,0,0,0,0,0,0,0,0,0
"Gronkowski, Rob",11452,NE,NE,9003,TE,2,0,0,0,0,0,0,0,0,0,0,0,0,15,8,149,1,0,0,0,0,0,0,0,0,0,0,0,0
"Gurley, Todd",14946,LAR,LAR,9025,RB,2,0,0,0,0,0,0,0,0,35,128,2,0,10,8,104,1,0,0,0,0,0,0,0,0,0,0,0,1
"Ham, C.J.",16169,MIN,MIN,9022,RB,1,0,0,0,0,0,0,0,0,1,1,1,0,0,0,0,0,0,0,0,0,0,0,0,0,0,0,0,0
"Hardy, Justin",14957,ATL,ATL,9024,WR,1,0,0,0,0,0,0,0,0,0,0,0,0,2,1,19,0,0,0,0,0,0,0,0,0,0,0,0,0
"Harris, Demetrius",13721,KC,KC,9010,TE,1,0,0,0,0,0,0,0,0,0,0,0,0,2,2,15,1,0,0,0,0,0,0,0,0,0,0,0,0
"Hauschka, Stephen",3202,BUF,BUF,9000,PK,2,0,0,0,0,0,0,0,0,0,0,0,0,0,0,0,0,0,3,3,0,1,2,0,0,0,1,0,0
"Hazel, Matt",14279,IND,IND,9001,WR,1,0,0,0,0,0,0,0,0,0,0,0,0,1,1,1,0,0,0,0,0,0,0,0,0,0,0,0,0
"Hekker, Johnny",12807,LAR,LAR,9025,P,1,1,1,28,0,0,0,0,0,0,0,0,0,0,0,0,0,0,0,0,0,0,0,0,0,0,0,0,0
"Henry, Derrick",15585,TEN,TEN,9007,RB,2,0,0,0,0,0,0,0,0,20,117,1,0,0,0,0,0,0,0,0,0,0,0,0,0,0,0,0,0
"Henry, Hunter",15586,LAC,LAC,9012,TE,1,0,0,0,0,0,0,0,0,0,0,0,0,7,7,80,0,0,0,0,0,0,0,0,0,0,0,0,0
"Heuerman, Jeff",14976,DEN,DEN,9009,TE,2,0,0,0,0,0,0,0,0,0,0,0,0,3,2,35,0,0,0,0,0,0,0,0,0,0,0,0,0
"Higbee, Tyler",15588,LAR,LAR,9025,TE,1,0,0,0,0,0,0,0,0,0,0,0,0,3,2,17,0,0,0,0,0,0,0,0,0,0,0,0,0
"Higgins, Rashard",15589,CLE,CLE,9006,WR,1,0,0,0,0,0,0,0,0,1,4,0,0,11,7,95,0,0,0,0,0,0,0,0,0,0,0,0,0
"Hill, Jeremy",14287,CIN,CIN,9005,RB,2,0,0,0,0,0,0,0,0,12,43,0,0,2,2,0,0,0,0,0,0,0,0,0,0,0,0,0,0
"Hill, Josh",13732,NO,NO,9026,TE,1,0,0,0,0,0,0,0,0,0,0,0,0,3,3,29,0,0,0,0,0,0,0,0,0,0,0,0,0
"Hill, Tyreek",15590,KC,KC,9010,WR,2,0,0,0,0,0,0,0,0,3,11,0,0,14,11,176,1,0,0,0,0,0,0,0,0,0,0,0,0
"Hilton, T.Y.",12366,IND,IND,9001,WR,2,0,0,0,0,0,0,0,0,0,0,0,0,13,7,106,0,0,0,0,0,0,0,0,0,0,0,0,1
"Hogan, Chris",12747,NE,NE,9003,WR,2,0,0,0,0,0,0,0,0,3,17,0,0,11,6,86,1,0,0,0,0,0,0,0,0,0,0,0,0
"Hogan, Kevin",15591,CLE,CLE,9006,QB,1,5,11,118,1,1,0,1,2,1,5,0,0,0,0,0,0,0,0,0,0,0,0,0,0,0,0,0,0
"Hollins, Mack",16000,PHI,PHI,9016,WR,1,0,0,0,0,0,0,0,0,0,0,0,0,3,3,32,0,0,0,0,0,0,0,0,0,0,0,0,0
"Hollister, Jacob",16177,NE,NE,9003,TE,1,0,0,0,0,0,0,0,0,0,0,0,0,2,1,5,0,0,0,0,0,0,0,0,0,0,0,0,0
"Holmes, Andre",12245,BUF,BUF,9000,WR,2,0,0,0,0,0,0,0,0,0,0,0,0,5,3,19,1,0,0,0,0,0,0,0,0,0,0,0,0
"Hoomanawanui, Michael",11542,NO,NO,9026,TE,1,0,0,0,0,0,0,0,0,0,0,0,0,1,1,8,0,0,0,0,0,0,0,0,0,0,0,0,0
"Hooper, Austin",15593,ATL,ATL,9024,TE,2,0,0,0,0,0,0,0,0,0,0,0,0,4,4,135,1,0,0,0,0,0,0,0,0,0,0,0,0
"Hopkins, DeAndre",13285,HOU,HOU,9031,WR,2,0,0,0,0,0,0,0,0,0,0,0,0,29,14,128,1,0,0,0,0,0,0,0,0,0,0,0,0
"Hopkins, Dustin",13286,WAS,WAS,9018,PK,2,0,0,0,0,0,0,0,0,0,0,0,0,0,0,0,0,0,5,5,0,3,4,0,1,1,1,0,0
"Howard, Jordan",15595,CHI,CHI,9019,RB,2,0,0,0,0,0,0,0,0,22,59,1,0,6,3,14,0,0,0,0,0,0,0,0,0,0,0,0,0
"Howard, O.J.",15912,TB,TB,9023,TE,1,0,0,0,0,0,0,0,0,0,0,0,0,3,1,17,0,0,0,0,0,0,0,0,0,0,0,0,0
"Hoyer, Brian",11285,SF,SF,9027,QB,2,39,62,292,2,0,0,6,37,1,-5,0,0,0,0,0,0,0,0,0,0,0,0,0,0,0,0,0,1
"Humphries, Adam",15336,TB,TB,9023,WR,1,0,0,0,0,0,0,0,0,0,0,0,0,3,2,18,0,0,0,0,0,0,0,0,0,0,0,0,0
"Hunt, Kareem",15969,KC,KC,9010,RB,2,0,0,0,0,0,0,0,0,30,229,3,0,8,8,126,2,0,0,0,0,0,0,0,0,0,0,0,1
"Hurns, Allen",14302,JAC,JAC,9029,WR,2,0,0,0,0,0,0,0,0,0,0,0,0,11,9,124,1,0,0,0,0,0,0,0,0,0,0,0,0
"Hyde, Carlos",14303,SF,SF,9027,RB,2,0,0,0,0,0,0,0,0,24,169,0,0,12,9,51,0,0,0,0,0,0,0,0,0,0,0,0,0
"Ingram, Mark",11882,NO,NO,9026,RB,2,0,0,0,0,0,0,0,0,14,69,0,0,10,9,78,0,0,0,0,0,0,0,0,0,0,0,0,0
"Inman, Dontrelle",14026,LAC,LAC,9012,WR,1,0,0,0,0,0,0,0,0,0,0,0,0,2,0,0,0,0,0,0,0,0,0,0,0,0,0,0,0
"Ivory, Chris",11719,JAC,JAC,9029,RB,2,0,0,0,0,0,0,0,0,15,59,0,0,6,4,42,0,0,0,0,0,0,0,0,0,0,0,0,0
"Jackson, DeSean",2930,TB,TB,9023,WR,1,0,0,0,0,0,0,0,0,0,0,0,0,7,3,39,0,0,0,0,0,0,0,0,0,0,0,0,0
"James, Jesse",14999,PIT,PIT,9008,TE,2,0,0,0,0,0,0,0,0,0,0,0,0,13,10,68,2,0,0,0,0,0,0,0,0,0,0,0,0
"Jeffery, Alshon",12320,PHI,PHI,9016,WR,2,0,0,0,0,0,0,0,0,0,0,0,0,20,10,130,1,1,0,0,0,0,0,0,0,0,0,0,0
"Johnson Jr., Duke",15005,CLE,CLE,9006,RB,2,0,0,0,0,0,0,0,0,4,21,0,0,11,5,79,0,0,0,0,0,0,0,0,0,0,0,0,0
"Johnson, Chris",2932,ARI,ARI,9017,RB,1,0,0,0,0,0,0,0,0,11,44,0,0,0,0,0,0,0,0,0,0,0,0,0,0,0,0,0,0
"Johnson, David",15291,ARI,ARI,9017,RB,1,0,0,0,0,0,0,0,0,11,23,0,0,9,6,67,0,0,0,0,0,0,0,0,0,0,0,0,1
"Jones Jr., Marvin",12440,DET,DET,9020,WR,2,0,0,0,0,0,0,0,0,0,0,0,0,7,3,64,2,0,0,0,0,0,0,0,0,0,0,0,0
"Jones, Julio",11860,ATL,ATL,9024,WR,2,0,0,0,0,0,0,0,0,0,0,0,0,14,9,174,0,0,0,0,0,0,0,0,0,0,0,0,0
"Jones, TJ",14339,DET,DET,9020,WR,1,0,0,0,0,0,0,0,0,0,0,0,0,4,2,32,0,0,0,0,0,0,0,0,0,0,0,0,0
"Jones, Zay",15927,BUF,BUF,9000,WR,2,0,0,0,0,0,0,0,0,0,0,0,0,10,3,39,0,0,0,0,0,0,0,0,0,0,0,0,0
"Juszczyk, Kyle",13330,SF,SF,9027,RB,1,0,0,0,0,0,0,0,0,1,0,0,0,4,2,17,0,0,0,0,0,0,0,0,0,0,0,0,0
"Kamara, Alvin",15953,NO,NO,9026,RB,2,0,0,0,0,0,0,0,0,8,21,0,0,13,7,71,0,0,0,0,0,0,0,0,0,0,0,0,0
"Kearse, Jermaine",12828,NYJ,NYJ,9004,WR,2,0,0,0,0,0,0,0,0,0,0,0,0,14,11,123,2,0,0,0,0,0,0,0,0,0,0,0,0
"Keenum, Case",12573,MIN,MIN,9022,QB,1,20,37,167,0,0,0,2,21,0,0,0,0,0,0,0,0,0,0,0,0,0,0,0,0,0,0,0,0
"Kelce, Travis",13335,KC,KC,9010,TE,2,0,0,0,0,0,0,0,0,1,4,0,0,17,13,143,1,0,0,0,0,0,0,0,0,0,0,0,0
"Kelley, Rob",15821,WAS,WAS,9018,RB,2,0,0,0,0,0,0,0,0,22,108,0,0,1,0,0,0,0,0,0,0,0,0,0,0,0,0,0,0
"Kendricks, Lance",11901,GB,GB,9021,TE,1,0,0,0,0,0,0,0,0,0,0,0,0,4,2,18,0,0,0,0,0,0,0,0,0,0,0,0,0
"Kerley, Jeremy",12007,NYJ,NYJ,9004,WR,1,0,0,0,0,0,0,0,0,0,0,0,0,3,3,14,0,0,0,0,0,0,0,0,0,0,0,0,0
"Kittle, George",16023,SF,SF,9027,TE,2,0,0,0,0,0,0,0,0,0,0,0,0,8,7,40,0,0,0,0,0,0,0,0,0,0,0,0,0
"Kizer, DeShone",15941,CLE,CLE,9006,QB,2,35,61,404,4,1,0,9,47,10,43,1,0,0,0,0,0,0,0,0,0,0,0,0,0,0,0,0,1
"Koo, Younghoe",16186,LAC,LAC,9012,PK,2,0,0,0,0,0,0,0,0,0,0,0,0,0,0,0,0,0,5,5,0,1,4,1,0,0,1,0,0
"Kroft, Tyler",15024,CIN,CIN,9005,TE,1,0,0,0,0,0,0,0,0,0,0,0,0,1,1,5,0,0,0,0,0,0,0,0,0,0,0,0,0
"Kuhn, John",2723,NO,NO,9026,RB,1,0,0,0,0,0,0,0,0,1,2,0,0,0,0,0,0,0,0,0,0,0,0,0,0,0,0,0,0
"Kupp, Cooper",15955,LAR,LAR,9025,WR,2,0,0,0,0,0,0,0,0,0,0,0,0,12,7,109,1,0,0,0,0,0,0,0,0,0,0,0,0
"Lacy, Eddie",13349,SEA,SEA,9013,RB,1,0,0,0,0,0,0,0,0,5,3,0,0,0,0,0,0,0,0,0,0,0,0,0,0,0,0,0,0
"LaFell, Brandon",11488,CIN,CIN,9005,WR,2,0,0,0,0,0,0,0,0,0,0,0,0,12,7,54,0,0,0,0,0,0,0,0,0,0,0,0,0
"Landry, Jarvis",14354,MIA,MIA,9002,WR,1,0,1,0,0,0,0,0,0,1,-7,0,0,15,13,78,0,0,0,0,0,0,0,0,0,0,0,0,0
"Latimer, Cody",14356,DEN,DEN,9009,WR,1,0,0,0,0,0,0,0,0,0,0,0,0,2,2,22,0,0,0,0,0,0,0,0,0,0,0,0,0
"Lee, Marqise",14362,JAC,JAC,9029,WR,1,0,0,0,0,0,0,0,0,0,0,0,0,12,7,76,0,0,0,0,0,0,0,0,0,0,0,0,0
"Lewis, Dion",12003,NE,NE,9003,RB,2,0,0,0,0,0,0,0,0,6,23,0,0,1,1,11,0,0,0,0,0,0,0,0,0,0,0,0,0
"Lewis, Roger",15761,NYG,NYG,9015,WR,2,0,0,0,0,0,0,0,0,0,0,0,0,8,6,67,0,0,0,0,0,0,0,0,0,0,0,0,0
"Lewis, Tommylee",15762,NO,NO,9026,WR,2,0,0,0,0,0,0,0,0,0,0,0,0,5,3,68,0,0,0,0,0,0,0,0,0,0,0,0,0
"Lockett, Tyler",15041,SEA,SEA,9013,WR,2,0,0,0,0,0,0,0,0,0,0,0,0,12,7,72,0,0,0,0,0,0,0,0,0,0,0,0,0
"Louis, Ricardo",15625,CLE,CLE,9006,WR,2,0,0,0,0,0,0,0,0,0,0,0,0,5,4,59,0,0,0,0,0,0,0,0,0,0,0,0,0
"Lutz, Wil",15823,NO,NO,9026,PK,2,0,0,0,0,0,0,0,0,0,0,0,0,0,0,0,0,0,3,3,0,6,7,0,3,1,2,0,0
"Lynch, Marshawn",2756,OAK,OAK,9011,RB,2,0,0,0,0,0,0,0,0,30,121,1,0,4,2,20,0,0,0,0,0,0,0,0,0,0,0,0,0
"Mack, Marlon",16020,IND,IND,9001,RB,2,0,0,0,0,0,0,0,0,16,21,1,0,2,2,32,0,0,0,0,0,0,0,0,0,0,0,0,0
"Maclin, Jeremy",11019,BAL,BAL,9030,WR,2,0,0,0,0,0,0,0,0,0,0,0,0,9,6,87,2,0,0,0,0,0,0,0,0,0,0,0,0
"Manning, Eli",3060,NYG,NYG,9015,QB,2,51,70,459,2,1,0,8,53,1,-1,0,0,0,0,0,0,0,0,0,0,0,0,0,0,0,0,0,0
"Mannion, Sean",15061,LAR,LAR,9025,QB,1,1,1,12,0,0,0,0,0,3,-7,0,0,0,0,0,0,0,0,0,0,0,0,0,0,0,0,0,0
"Mariota, Marcus",15064,TEN,TEN,9007,QB,2,40,68,471,1,1,0,2,5,9,50,1,0,0,0,0,0,0,0,0,0,0,0,0,0,0,0,0,0
"Marshall, Brandon",2646,NYG,NYG,9015,WR,2,0,0,0,0,0,0,0,0,0,0,0,0,9,2,27,0,0,0,0,0,0,0,0,0,0,0,0,0
"Matthews, Jordan",14392,BUF,BUF,9000,WR,2,0,0,0,0,0,0,0,0,0,0,0,0,6,5,91,0,0,0,0,0,0,0,0,0,0,0,0,0
"Matthews, Rishard",12501,TEN,TEN,9007,WR,2,0,0,0,0,0,0,0,0,0,0,0,0,14,8,114,0,0,0,0,0,0,0,0,0,0,0,0,0
"McCaffrey, Christian",15901,CAR,CAR,9028,RB,2,0,0,0,0,0,0,0,0,21,57,0,0,12,9,72,0,0,0,0,0,0,0,0,0,0,0,0,1
"McCown, Josh",2121,NYJ,NYJ,9004,QB,2,42,63,353,2,2,0,5,32,6,31,1,0,0,0,0,0,0,0,0,0,0,0,0,0,0,0,0,1
"McCoy, LeSean",11053,BUF,BUF,9000,RB,2,0,0,0,0,0,0,0,0,34,119,0,0,13,11,83,0,0,0,0,0,0,0,0,0,0,0,0,0
"McDonald, Vance",13382,PIT,PIT,9008,TE,1,0,0,0,0,0,0,0,0,0,0,0,0,1,0,0,0,0,0,0,0,0,0,0,0,0,0,0,0
"McEvoy, Tanner",15769,SEA,SEA,9013,WR,1,0,0,0,0,0,0,0,0,0,0,0,0,2,0,0,0,0,0,0,0,0,0,0,0,0,0,0,0
"McGrath, Sean",12795,LAC,LAC,9012,TE,1,0,0,0,0,0,0,0,0,0,0,0,0,1,1,10,0,0,0,0,0,0,0,0,0,0,0,0,0
"McGuire, Elijah",16058,NYJ,NYJ,9004,RB,1,0,0,0,0,0,0,0,0,6,29,0,0,2,1,7,0,0,0,0,0,0,0,0,0,0,0,0,0
"McKinnon, Jerick",14410,MIN,MIN,9022,RB,2,0,0,0,0,0,0,0,0,6,21,0,0,8,6,41,0,0,0,0,0,0,0,0,0,0,0,0,0
"McManus, Brandon",13388,DEN,DEN,9009,PK,2,0,0,0,0,0,0,0,0,0,0,0,0,0,0,0,0,0,9,9,0,1,3,0,1,0,0,0,0
"Miller, Braxton",15634,HOU,HOU,9031,WR,1,0,0,0,0,0,0,0,0,0,0,0,0,3,2,10,0,0,0,0,0,0,0,0,0,0,0,0,0
"Miller, Lamar",12371,HOU,HOU,9031,RB,2,0,0,0,0,0,0,0,0,35,126,0,0,5,5,57,0,0,0,0,0,0,0,0,0,0,0,0,0
"Miller, Zach",13952,CHI,CHI,9019,TE,2,0,0,0,0,0,0,0,0,0,0,0,0,15,10,81,0,0,0,0,0,0,0,0,0,0,0,0,0
"Mixon, Joe",15937,CIN,CIN,9005,RB,2,0,0,0,0,0,0,0,0,17,45,0,0,4,4,20,0,0,0,0,0,0,0,0,0,0,0,0,0
"Momah, Ifeanyi",13405,ARI,ARI,9017,TE,1,0,0,0,0,0,0,0,0,0,0,0,0,2,1,46,0,0,0,0,0,0,0,0,0,0,0,0,0
"Moncrief, Donte",14420,IND,IND,9001,WR,2,0,0,0,0,0,0,0,0,0,0,0,0,12,3,68,0,0,0,0,0,0,0,0,0,0,0,0,0
"Montgomery, Ty",15092,GB,GB,9021,RB,2,0,0,0,0,0,0,0,0,29,89,2,0,11,10,114,1,0,0,0,0,0,0,0,0,0,0,0,0
"Morgan II, David",15639,MIN,MIN,9022,TE,1,0,0,0,0,0,0,0,0,0,0,0,0,1,0,0,0,0,0,0,0,0,0,0,0,0,0,0,0
"Morris, Alfred",12447,DAL,DAL,9014,RB,1,0,0,0,0,0,0,0,0,4,1,0,0,0,0,0,0,0,0,0,0,0,0,0,0,0,0,0,0
"Murray, DeMarco",11925,TEN,TEN,9007,RB,2,0,0,0,0,0,0,0,0,21,69,0,0,4,3,19,0,0,0,0,0,0,0,0,0,0,0,0,0
"Murray, Latavius",13417,MIN,MIN,9022,RB,2,0,0,0,0,0,0,0,0,5,12,0,0,0,0,0,0,0,0,0,0,0,0,0,0,0,0,0,0
"Myers, Jason",15099,JAC,JAC,9029,PK,2,0,0,0,0,0,0,0,0,0,0,0,0,0,0,0,0,0,3,4,0,4,5,0,1,1,2,0,0
"Nelson, J.J.",15102,ARI,ARI,9017,WR,2,0,0,0,0,0,0,0,0,0,0,0,0,13,10,163,2,0,0,0,0,0,0,0,0,0,0,0,0
"Nelson, Jordy",2946,GB,GB,9021,WR,1,0,0,0,0,0,0,0,0,0,0,0,0,8,7,79,1,0,0,0,0,0,0,0,0,0,0,0,0
"Newton, Cam",11855,CAR,CAR,9028,QB,2,34,57,399,1,2,0,6,50,11,30,0,0,0,0,0,0,0,0,0,0,0,0,0,0,0,0,0,0
"Niklas, Troy",14434,ARI,ARI,9017,TE,2,0,0,0,0,0,0,0,0,0,0,0,0,3,1,16,0,0,0,0,0,0,0,0,0,0,0,0,0
"Njoku, David",15921,CLE,CLE,9006,TE,2,0,0,0,0,0,0,0,0,0,0,0,0,6,5,47,1,0,0,0,0,0,0,0,0,0,0,0,0
"O'Leary, Nick",15112,BUF,BUF,9000,TE,1,0,0,0,0,0,0,0,0,0,0,0,0,2,1,22,0,0,0,0,0,0,0,0,0,0,0,0,0
"Oliver, Branden",14442,LAC,LAC,9012,RB,2,0,0,0,0,0,0,0,0,7,41,0,0,1,0,0,0,0,0,0,0,0,0,0,0,0,0,0,0
"Olsen, Greg",2761,CAR,CAR,9028,TE,2,0,0,0,0,0,0,0,0,0,0,0,0,6,3,28,0,0,0,0,0,0,0,0,0,0,0,0,0
"O'Shaughnessy, James",15115,JAC,JAC,9029,TE,1,0,0,0,0,0,0,0,0,0,0,0,0,1,1,18,0,0,0,0,0,0,0,0,0,0,0,0,0
"Palmer, Carson",2254,ARI,ARI,9017,QB,2,46,84,600,4,2,0,5,31,4,8,0,0,0,0,0,0,0,0,0,0,0,0,0,0,0,0,0,0
"Parker, DeVante",15116,MIA,MIA,9002,WR,1,0,0,0,0,0,0,0,0,0,0,0,0,9,4,85,0,0,0,0,0,0,0,0,0,0,0,0,0
"Parkey, Cody",14447,MIA,MIA,9002,PK,1,0,0,0,0,0,0,0,0,0,0,0,0,0,0,0,0,0,1,1,0,4,4,0,1,2,0,1,0
"Patterson, Cordarrelle",13435,OAK,OAK,9011,WR,2,0,0,0,0,0,0,0,0,4,62,1,0,2,2,8,0,0,0,0,0,0,0,0,0,0,0,0,0
"Peake, Charone",15651,NYJ,NYJ,9004,WR,1,0,0,0,0,0,0,0,0,0,0,0,0,1,1,3,0,0,0,0,0,0,0,0,0,0,0,0,0
"Perine, Samaje",15997,WAS,WAS,9018,RB,1,0,0,0,0,0,0,0,0,21,67,0,0,1,1,0,0,0,0,0,0,0,0,0,0,0,0,0,0
"Perkins, Paul",15652,NYG,NYG,9015,RB,2,0,0,0,0,0,0,0,0,14,26,0,0,5,4,21,0,0,0,0,0,0,0,0,0,0,0,0,0
"Perriman, Breshad",15120,BAL,BAL,9030,WR,2,0,0,0,0,0,0,0,0,0,0,0,0,8,1,5,0,0,0,0,0,0,0,0,0,0,0,0,0
"Peterson, Adrian",2754,NO,NO,9026,RB,2,0,0,0,0,0,0,0,0,14,44,0,0,1,0,0,0,0,0,0,0,0,0,0,0,0,0,0,0
"Powell, Bilal",11980,NYJ,NYJ,9004,RB,2,0,0,0,0,0,0,0,0,13,35,0,0,8,5,17,0,0,0,0,0,0,0,0,0,0,0,0,0
"Prater, Matt",3192,DET,DET,9020,PK,2,0,0,0,0,0,0,0,0,0,0,0,0,0,0,0,0,0,5,5,0,2,2,0,0,0,0,2,0
"Prescott, Dak",15654,DAL,DAL,9014,QB,2,54,89,506,2,3,0,3,15,6,48,0,0,0,0,0,0,0,0,0,0,0,0,0,0,0,0,0,0
"Prosise, C.J.",15655,SEA,SEA,9013,RB,2,0,0,0,0,0,0,0,0,4,11,0,0,6,3,22,0,0,0,0,0,0,0,0,0,0,0,0,0
"Pryor Sr., Terrelle",12109,WAS,WAS,9018,WR,2,0,0,0,0,0,0,0,0,0,0,0,0,15,8,97,0,0,0,0,0,0,0,0,0,0,0,0,0
"Quick, Brian",12308,WAS,WAS,9018,WR,1,0,0,0,0,0,0,0,0,0,0,0,0,1,1,11,0,0,0,0,0,0,0,0,0,0,0,0,0
"Quigley, Ryan",12697,MIN,MIN,9022,P,1,0,1,0,0,0,0,0,0,0,0,0,0,0,0,0,0,0,0,0,0,0,0,0,0,0,0,0,0
"Rawls, Thomas",15142,SEA,SEA,9013,RB,1,0,0,0,0,0,0,0,0,5,4,0,0,0,0,0,0,0,0,0,0,0,0,0,0,0,0,0,0
"Raymond, Kalif",15870,NYJ,NYJ,9004,WR,1,0,0,0,0,0,0,0,0,0,0,0,0,0,0,0,0,0,0,0,0,0,0,0,0,0,0,0,1
"Redfern, Kasey",14685,DET,DET,9020,P,1,0,0,0,0,0,0,0,0,1,10,0,0,0,0,0,0,0,0,0,0,0,0,0,0,0,0,0,0
"Reed, Jordan",13457,WAS,WAS,9018,TE,2,0,0,0,0,0,0,0,0,0,0,0,0,14,11,84,0,0,0,0,0,0,0,0,0,0,0,0,0
"Reynolds, Josh",15999,LAR,LAR,9025,WR,1,0,0,0,0,0,0,0,0,0,0,0,0,1,1,28,0,0,0,0,0,0,0,0,0,0,0,0,0
"Richard, Jalen",15784,OAK,OAK,9011,RB,2,0,0,0,0,0,0,0,0,11,80,1,0,3,3,57,0,0,0,0,0,0,0,0,0,0,0,0,0
"Richardson, Paul",14493,SEA,SEA,9013,WR,2,0,0,0,0,0,0,0,0,0,0,0,0,12,6,78,1,0,0,0,0,0,0,0,0,0,0,0,0
"Riddick, Theo",13467,DET,DET,9020,RB,2,0,0,0,0,0,0,0,0,10,19,0,0,10,9,44,1,0,0,0,0,0,0,0,0,0,0,0,0
"Ripkowski, Aaron",15153,GB,GB,9021,RB,1,0,0,0,0,0,0,0,0,0,0,0,0,1,1,2,0,0,0,0,0,0,0,0,0,0,0,0,0
"Rivers, Philip",3062,LAC,LAC,9012,QB,2,53,72,523,1,4,0,2,15,1,0,0,0,0,0,0,0,0,0,0,0,0,0,0,0,0,0,0,0
"Roberts, Andre",11498,ATL,ATL,9024,WR,1,0,0,0,0,0,0,0,0,0,0,0,0,1,0,0,0,0,0,0,0,0,0,0,0,0,0,0,0
"Roberts, Seth",14497,OAK,OAK,9011,WR,2,0,0,0,0,0,0,0,0,0,0,0,0,1,1,19,1,0,0,0,0,0,0,0,0,0,0,0,0
"Robinson, Aldrick",12032,SF,SF,9027,WR,1,0,0,0,0,0,0,0,0,0,0,0,0,2,1,7,0,0,0,0,0,0,0,0,0,0,0,0,0
"Robinson, Allen",14498,JAC,JAC,9029,WR,1,0,0,0,0,0,0,0,0,0,0,0,0,1,1,17,0,0,0,0,0,0,0,0,0,0,0,0,0
"Rodgers, Aaron",2480,GB,GB,9021,QB,2,61,92,654,2,3,0,7,60,9,29,0,0,0,0,0,0,0,0,0,0,0,0,0,0,0,0,0,1
"Rodgers, Jacquizz",11999,TB,TB,9023,RB,1,0,0,0,0,0,0,0,0,19,67,1,0,0,0,0,0,0,0,0,0,0,0,0,0,0,0,0,0
"Rodgers, Richard",14503,GB,GB,9021,TE,1,0,0,0,0,0,0,0,0,0,0,0,0,4,2,22,0,0,0,0,0,0,0,0,0,0,0,0,0
"Roethlisberger, Ben",3066,PIT,PIT,9008,QB,2,47,71,506,1,4,0,3,18,5,-10,0,0,0,0,0,0,0,0,0,0,0,0,0,0,0,0,0,0
"Rogers, Eli",15160,PIT,PIT,9008,WR,2,0,0,0,0,0,0,0,0,0,0,0,0,11,6,54,0,0,0,0,0,0,0,0,0,0,0,0,0
"Rosas, Aldrick",16117,NYG,NYG,9015,PK,2,0,0,0,0,0,0,0,0,0,0,0,0,0,0,0,0,0,1,1,0,2,2,0,2,0,0,0,0
"Ross, John",15902,CIN,CIN,9005,WR,1,0,0,0,0,0,0,0,0,1,12,0,0,0,0,0,0,0,0,0,0,0,0,0,0,0,0,0,1
"Rudock, Jake",15669,DET,DET,9020,QB,1,0,0,0,0,0,0,0,0,0,0,0,0,0,0,0,0,0,0,0,0,0,0,0,0,0,0,0,0
"Rudolph, Kyle",11897,MIN,MIN,9022,TE,2,0,0,0,0,0,0,0,0,0,0,0,0,9,7,71,1,0,0,0,0,0,0,0,0,0,0,0,0
"Ryan, Matt",2955,ATL,ATL,9024,QB,2,40,58,573,0,2,0,5,42,4,19,0,0,0,0,0,0,0,0,0,0,0,0,0,0,0,0,0,0
"Samuel, Curtis",15929,CAR,CAR,9028,WR,1,0,0,0,0,0,0,0,0,0,0,0,0,3,2,7,0,0,0,0,0,0,0,0,0,0,0,0,0
"Sanders, Emmanuel",11492,DEN,DEN,9009,WR,2,0,0,0,0,0,0,0,0,0,0,0,0,14,9,88,2,0,0,0,0,0,0,0,0,0,0,0,0
"Santos, Cairo",14509,KC,KC,9010,PK,2,0,0,0,0,0,0,0,0,0,0,0,0,0,0,0,0,0,9,9,0,2,2,0,0,2,0,0,0
"Sanu, Mohamed",12357,ATL,ATL,9024,WR,2,0,0,0,0,0,0,0,0,0,0,0,0,15,11,132,0,0,0,0,0,0,0,0,0,0,0,0,0
"Savage, Tom",14512,HOU,HOU,9031,QB,1,7,13,62,0,0,0,6,33,0,0,0,0,0,0,0,0,0,0,0,0,0,0,0,0,0,0,0,2
"Shepard, Russell",13879,CAR,CAR,9028,WR,2,0,0,0,0,0,0,0,0,0,0,0,0,4,3,59,1,0,0,0,0,0,0,0,0,0,0,0,0
"Shepard, Sterling",15676,NYG,NYG,9015,WR,2,0,0,0,0,0,0,0,0,3,13,0,0,12,9,67,0,0,0,0,0,0,0,0,0,0,0,0,0
"Siemian, Trevor",15185,DEN,DEN,9009,QB,2,39,60,450,2,6,0,6,67,11,33,1,0,0,0,0,0,0,0,0,0,0,0,0,0,0,0,0,1
"Sims, Charles",14529,TB,TB,9023,RB,1,0,0,0,0,0,0,0,0,2,2,0,0,3,2,7,0,0,0,0,0,0,0,0,0,0,0,0,1
"Sims, Dion",13509,CHI,CHI,9019,TE,2,0,0,0,0,0,0,0,0,0,0,0,0,3,2,31,0,0,0,0,0,0,0,0,0,0,0,0,0
"Smallwood, Wendell",15679,PHI,PHI,9016,RB,2,0,0,0,0,0,0,0,0,7,8,0,0,3,2,2,0,0,0,0,0,0,0,0,0,0,0,0,0
"Smith, Alex",2471,KC,KC,9010,QB,2,49,63,619,0,5,0,7,35,9,24,0,0,0,0,0,0,0,0,0,0,0,0,0,0,0,0,0,0
"Smith, Jonnu",15983,TEN,TEN,9007,TE,2,0,0,0,0,0,0,0,0,0,0,0,0,4,2,30,1,0,0,0,0,0,0,0,0,0,0,0,0
"Smith, Lee",12013,OAK,OAK,9011,TE,1,0,0,0,0,0,0,0,0,0,0,0,0,1,1,9,0,0,0,0,0,0,0,0,0,0,0,0,0
"Smith, Rod",15203,DAL,DAL,9014,RB,1,0,0,0,0,0,0,0,0,2,8,0,0,0,0,0,0,0,0,0,0,0,0,0,0,0,0,0,0
"Smith, Torrey",11912,PHI,PHI,9016,WR,2,0,0,0,0,0,0,0,0,0,0,0,0,11,5,96,0,0,0,0,0,0,0,0,0,0,0,0,0
"Smith-Schuster, JuJu",15950,PIT,PIT,9008,WR,1,0,0,0,0,0,0,0,0,0,0,0,0,4,3,16,1,0,0,0,0,0,0,0,0,0,0,0,0
"Sproles, Darren",2513,PHI,PHI,9016,RB,2,0,0,0,0,0,0,0,0,12,50,0,0,12,7,73,0,0,0,0,0,0,0,0,0,0,0,0,1
"Stafford, Matthew",11001,DET,DET,9020,QB,2,44,62,414,1,6,0,4,10,5,37,0,0,0,0,0,0,0,0,0,0,0,0,0,0,0,0,0,1
"Sterling, Neal",15211,NYJ,NYJ,9004,TE,1,0,0,0,0,0,0,0,0,0,0,0,0,1,1,8,0,0,0,0,0,0,0,0,0,0,0,0,0
"Stewart, ArDarius",15963,NYJ,NYJ,9004,WR,1,0,0,0,0,0,0,0,0,0,0,0,0,5,2,10,0,0,0,0,0,0,0,0,0,0,0,0,0
"Stewart, Jonathan",2967,CAR,CAR,9028,RB,2,0,0,0,0,0,0,0,0,33,105,0,0,3,2,17,1,0,0,0,0,0,0,0,0,0,0,0,0
"Stills, Kenny",13532,MIA,MIA,9002,WR,1,0,0,0,0,0,0,0,0,0,0,0,0,5,2,37,1,0,0,0,0,0,0,0,0,0,0,0,0
"Sturgis, Caleb",13534,PHI,PHI,9016,PK,1,0,0,0,0,0,0,0,0,0,0,0,0,0,0,0,0,0,1,2,0,3,3,0,0,1,1,1,0
"Succop, Ryan",11256,TEN,TEN,9007,PK,2,0,0,0,0,0,0,0,0,0,0,0,0,0,0,0,0,0,5,5,0,6,7,0,3,0,2,1,0
"Tate, Golden",11470,DET,DET,9020,WR,2,0,0,0,0,0,0,0,0,2,7,0,0,16,14,132,0,0,0,0,0,0,0,0,0,0,0,0,0
"Tavecchio, Giorgio",13542,OAK,OAK,9011,PK,2,0,0,0,0,0,0,0,0,0,0,0,0,0,0,0,0,0,8,8,0,5,5,0,2,0,1,2,0
"Taylor, Taywan",15956,TEN,TEN,9007,WR,2,0,0,0,0,0,0,0,0,2,16,0,0,3,3,56,0,0,0,0,0,0,0,0,0,0,0,0,0
"Taylor, Trent",16048,SF,SF,9027,WR,2,0,0,0,0,0,0,0,0,0,0,0,0,5,3,14,0,0,0,0,0,0,0,0,0,0,0,0,0
"Taylor, Tyrod",12034,BUF,BUF,9000,QB,2,33,53,349,1,2,0,5,24,16,93,0,0,0,0,0,0,0,0,0,0,0,0,0,0,0,0,0,0
"Telfer, Randall",15223,CLE,CLE,9006,TE,1,0,0,0,0,0,0,0,0,0,0,0,0,1,1,20,0,0,0,0,0,0,0,0,0,0,0,0,0
"Thielen, Adam",13903,MIN,MIN,9022,WR,2,0,0,0,0,0,0,0,0,0,0,0,0,16,14,201,0,0,0,0,0,0,0,0,0,0,0,0,1
"Thomas, De'Anthony",14567,KC,KC,9010,WR,1,0,0,0,0,0,0,0,0,1,4,0,0,1,1,-2,0,0,0,0,0,0,0,0,0,0,0,0,0
"Thomas, Demaryius",11432,DEN,DEN,9009,WR,2,0,0,0,0,0,0,0,0,0,0,0,0,16,11,138,0,0,0,0,0,0,0,0,0,0,0,0,0
"Thomas, Julius",11983,MIA,MIA,9002,TE,1,0,0,0,0,0,0,0,0,0,0,0,0,3,3,26,0,0,0,0,0,0,0,0,0,0,0,0,0
"Thomas, Michael",15686,NO,NO,9026,WR,2,0,0,0,0,0,0,0,0,0,0,0,0,18,10,134,0,0,0,0,0,0,0,0,0,0,0,0,0
"Thompson, Chris",13558,WAS,WAS,9018,RB,2,0,0,0,0,0,0,0,0,6,81,2,0,12,7,81,1,0,0,0,0,0,0,0,0,0,0,0,0
"Thompson, Deonte",12673,CHI,CHI,9019,WR,2,0,0,0,0,0,0,0,0,0,0,0,0,7,5,72,1,0,0,0,0,0,0,0,0,0,0,0,0
"Tolbert, Mike",2988,BUF,BUF,9000,RB,2,0,0,0,0,0,0,0,0,15,47,1,0,2,2,14,0,0,0,0,0,0,0,0,0,0,0,0,0
"Tolzien, Scott",12146,IND,IND,9001,QB,1,9,18,128,2,0,0,4,29,2,2,0,0,0,0,0,0,0,0,0,0,0,0,0,0,0,0,0,0
"Tomlinson, Eric",15231,NYJ,NYJ,9004,TE,1,0,0,0,0,0,0,0,0,0,0,0,0,2,2,25,0,0,0,0,0,0,0,0,0,0,0,0,0
"Treadwell, Laquon",15689,MIN,MIN,9022,WR,2,0,0,0,0,0,0,0,0,0,0,0,0,7,4,40,0,0,0,0,0,0,0,0,0,0,0,0,0
"Tucker, Justin",12674,BAL,BAL,9030,PK,2,0,0,0,0,0,0,0,0,0,0,0,0,0,0,0,0,0,5,5,0,3,4,0,3,0,0,0,0
"Turbin, Robert",12380,IND,IND,9001,RB,2,0,0,0,0,0,0,0,0,5,18,0,0,2,2,4,0,0,0,0,0,0,0,0,0,0,0,0,0
"Tye, Will",15236,NYJ,NYJ,9004,TE,2,0,0,0,0,0,0,0,0,0,0,0,0,6,4,38,0,0,0,0,0,0,0,0,0,0,0,0,0
"Vannett, Nick",15691,SEA,SEA,9013,TE,1,0,0,0,0,0,0,0,0,0,0,0,0,1,1,10,0,0,0,0,0,0,0,0,0,0,0,0,0
"Vereen, Shane",11910,NYG,NYG,9015,RB,2,0,0,0,0,0,0,0,0,6,28,0,0,13,12,78,0,0,0,0,0,0,0,0,0,0,0,0,0
"Vinatieri, Adam",1356,IND,IND,9001,PK,2,0,0,0,0,0,0,0,0,0,0,0,0,0,0,0,0,0,1,2,0,3,4,0,2,0,1,0,0
"Walford, Clive",15248,OAK,OAK,9011,TE,1,0,0,0,0,0,0,0,0,0,0,0,0,1,1,7,0,0,0,0,0,0,0,0,0,0,0,0,0
"Walker, Delanie",2663,TEN,TEN,9007,TE,2,0,0,0,0,0,0,0,0,1,1,1,0,13,11,137,0,0,0,0,0,0,0,0,0,0,0,0,0
"Wallace, Mike",11084,BAL,BAL,9030,WR,2,0,0,0,0,0,0,0,0,0,0,0,0,4,2,15,0,0,0,0,0,0,0,0,0,0,0,0,0
"Walsh, Blair",12449,SEA,SEA,9013,PK,2,0,0,0,0,0,0,0,0,0,0,0,0,0,0,0,0,0,0,1,0,5,5,0,3,1,1,0,0
"Washington, DeAndre",15698,OAK,OAK,9011,RB,2,0,0,0,0,0,0,0,0,9,24,0,0,5,5,33,0,0,0,0,0,0,0,0,0,0,0,0,0
"Washington, Dwayne",15699,DET,DET,9020,RB,2,0,0,0,0,0,0,0,0,9,31,0,0,0,0,0,0,0,0,0,0,0,0,0,0,0,0,0,0
"Watkins, Sammy",14612,LAR,LAR,9025,WR,2,0,0,0,0,0,0,0,0,0,0,0,0,7,7,88,0,0,0,0,0,0,0,0,0,0,0,0,0
"Watson, Benjamin",3085,BAL,BAL,9030,TE,2,0,0,0,0,0,0,0,0,0,0,0,0,9,8,91,0,0,0,0,0,0,0,0,0,0,0,0,0
"Watson, Deshaun",15905,HOU,HOU,9031,QB,2,27,47,227,1,1,0,7,48,7,83,1,0,0,0,0,0,0,0,0,0,0,0,0,0,0,0,0,1
"Watson, Terrell",15255,PIT,PIT,9008,RB,1,0,0,0,0,0,0,0,0,1,1,0,0,0,0,0,0,0,0,0,0,0,0,0,0,0,0,0,0
"Watt, Derek",15700,LAC,LAC,9012,RB,1,0,0,0,0,0,0,0,0,1,0,0,0,0,0,0,0,0,0,0,0,0,0,0,0,0,0,0,0
"Wentz, Carson",15702,PHI,PHI,9016,QB,2,51,85,640,2,4,1,8,43,8,61,0,0,0,0,0,0,0,0,0,0,0,0,0,0,0,0,0,1
"West, Charcandrick",14620,KC,KC,9010,RB,1,0,0,0,0,0,0,0,0,1,21,1,0,1,1,4,0,0,0,0,0,0,0,0,0,0,0,0,0
"West, Terrance",14621,BAL,BAL,9030,RB,2,0,0,0,0,0,0,0,0,27,102,2,0,3,2,23,0,0,0,0,0,0,0,0,0,0,0,0,0
"White, James",14626,NE,NE,9003,RB,2,0,0,0,0,0,0,0,0,12,49,0,0,13,11,115,0,0,0,0,0,0,0,0,0,0,0,0,0
"White, Kevin",15261,CHI,CHI,9019,WR,1,0,0,0,0,0,0,0,0,0,0,0,0,4,2,6,0,0,0,0,0,0,0,0,0,0,0,0,0
"Whittaker, Fozzy",13588,CAR,CAR,9028,RB,1,0,0,0,0,0,0,0,0,1,1,0,0,0,0,0,0,0,0,0,0,0,0,0,0,0,0,0,0
"Williams, Brandon",13591,IND,IND,9001,TE,1,0,0,0,0,0,0,0,0,0,0,0,0,1,1,20,0,0,0,0,0,0,0,0,0,0,0,0,0
"Williams, Chad",15981,ARI,ARI,9017,WR,1,0,0,0,0,0,0,0,0,0,0,0,0,2,1,15,0,0,0,0,0,0,0,0,0,0,0,0,0
"Williams, Jamaal",16013,GB,GB,9021,RB,2,0,0,0,0,0,0,0,0,4,15,0,0,1,1,5,0,0,0,0,0,0,0,0,0,0,0,0,0
"Williams, Kasen",15389,CLE,CLE,9006,WR,1,0,0,0,0,0,0,0,0,0,0,0,0,2,0,0,0,0,0,0,0,0,0,0,0,0,0,0,0
"Williams, Kerwynn",13595,ARI,ARI,9017,RB,2,0,0,0,0,0,0,0,0,14,32,1,0,1,1,2,0,0,0,0,0,0,0,0,0,0,0,0,0
"Williams, Maxx",15272,BAL,BAL,9030,TE,2,0,0,0,0,0,0,0,0,1,2,0,0,5,5,26,0,0,0,0,0,0,0,0,0,0,0,0,0
"Williams, Terrance",13606,DAL,DAL,9014,WR,2,0,0,0,0,0,0,0,0,0,0,0,0,12,10,85,0,0,0,0,0,0,0,0,0,0,0,0,0
"Williams, Tyrell",15375,LAC,LAC,9012,WR,2,0,0,0,0,0,0,0,0,0,0,0,0,11,9,108,0,0,0,0,0,0,0,0,0,0,0,0,0
"Willson, Luke",13938,SEA,SEA,9013,TE,2,0,0,0,0,0,0,0,0,0,0,0,0,4,3,25,0,0,0,0,0,0,0,0,0,0,0,0,0
"Wilson, Albert",14639,KC,KC,9010,WR,2,0,0,0,0,0,0,0,0,1,4,0,0,8,7,59,0,0,0,0,0,0,0,0,0,0,0,0,0
"Wilson, Russell",12349,SEA,SEA,9013,QB,2,37,66,356,0,1,0,6,40,14,74,0,0,0,0,0,0,0,0,0,0,0,0,0,0,0,0,0,1
"Winston, Jameis",15281,TB,TB,9023,QB,1,18,30,204,0,1,0,2,10,1,3,0,0,0,0,0,0,0,0,0,0,0,0,0,0,0,0,0,0
"Witten, Jason",2272,DAL,DAL,9014,TE,2,0,0,0,0,0,0,0,0,0,0,0,0,22,17,156,2,0,0,0,0,0,0,0,0,0,0,0,0
"Woodhead, Danny",11331,BAL,BAL,9030,RB,1,0,0,0,0,0,0,0,0,1,4,0,0,3,3,33,0,0,0,0,0,0,0,0,0,0,0,0,0
"Woods, Robert",13617,LAR,LAR,9025,WR,2,0,0,0,0,0,0,0,0,0,0,0,0,9,4,61,0,0,0,0,0,0,0,0,0,0,0,0,0
"Wright, Jarius",12392,MIN,MIN,9022,WR,2,0,0,0,0,0,0,0,0,0,0,0,0,4,2,30,0,0,0,0,0,0,0,0,0,0,0,0,0
"Wright, Kendall",12295,CHI,CHI,9019,WR,2,0,0,0,0,0,0,0,0,0,0,0,0,14,10,103,0,0,0,0,0,0,0,0,0,0,0,0,0
"Zuerlein, Greg",12445,LAR,LAR,9025,PK,2,0,0,0,0,0,0,0,0,0,0,0,0,0,0,0,0,0,7,7,0,5,5,0,0,2,2,1,0
