"Bryant, Matt",3045,ATL,9024,PK,,0,1,0,0,0,0,0,0,0,0,0,0,0,0,0,0,0,0,0,0,1,1,0,4,4,0,2,1,1,0,0,G023G045G037G029
"Coleman, Tevin",14845,ATL,9024,RB,,0,1,0,0,0,0,0,0,0,0,0,14,82,0,0,1,1,22,0,0,0,0,0,0,0,0,0,0,0,0,0,
"Freeman, Devonta",14235,ATL,9024,RB,,0,1,0,0,0,0,0,0,0,0,0,12,41,0,0,3,1,20,0,0,0,0,0,0,0,0,0,0,0,0,0,
"Gabriel, Taylor",14239,ATL,9024,WR,,0,1,0,0,0,0,0,0,0,0,0,0,0,0,0,1,1,-3,0,0,0,0,0,0,0,0,0,0,0,0,0,
"Hooper, Austin",15593,ATL,9024,TE,,0,1,0,0,0,0,0,0,0,0,0,0,0,0,0,6,4,47,1,0,0,0,0,0,0,0,0,0,0,0,0,C001
"Jones, Julio",11860,ATL,9024,WR,,0,1,0,0,0,0,0,0,0,0,0,0,0,0,0,6,3,74,0,0,0,0,0,0,0,0,0,0,0,0,0,
"Ryan, Matt",2955,ATL,9024,QB,,0,1,0,18,29,254,0,2,0,1,8,6,17,0,0,0,0,0,0,0,0,0,0,0,0,0,0,0,0,0,2,T001T008
"Sanu, Mohamed",12357,ATL,9024,WR,,0,1,0,0,0,0,0,0,0,0,0,0,0,0,0,7,6,74,1,0,0,0,0,0,0,0,0,0,0,0,0,C008
"Toilolo, Levine",13563,ATL,9024,TE,,0,1,0,0,0,0,0,0,0,0,0,0,0,0,0,3,2,20,0,0,0,0,0,0,0,0,0,0,0,0,0,
"Allen, Javorius",15480,BAL,9030,RB,,0,1,0,0,0,0,0,0,0,0,0,17,55,0,0,3,1,2,0,0,0,0,0,0,0,0,0,0,0,0,0,
"Boyle, Nick",14812,BAL,9030,TE,,0,1,0,0,0,0,0,0,0,0,0,0,0,0,0,4,4,29,0,0,0,0,0,0,0,0,0,0,0,0,0,
"Collins, Alex",15539,BAL,9030,RB,,0,1,0,0,0,0,0,0,0,0,0,18,113,0,0,2,2,30,0,0,0,0,0,0,0,0,0,0,0,0,0,
"Flacco, Joe",2913,BAL,9030,QB,,0,1,0,10,15,101,0,1,0,0,0,1,9,0,0,0,0,0,0,0,0,0,0,0,0,0,0,0,0,0,0,T034
"Maclin, Jeremy",11019,BAL,9030,WR,,0,1,0,0,0,0,0,0,0,0,0,0,0,0,0,5,3,53,1,0,0,0,0,0,0,0,0,0,0,0,0,C034
"Mallett, Ryan",11928,BAL,9030,QB,,0,1,0,3,7,20,0,1,0,0,0,4,-3,0,0,0,0,0,0,0,0,0,0,0,0,0,0,0,0,0,0,T002
"Moore, Chris",15638,BAL,9030,WR,,0,1,0,0,0,0,0,0,0,0,0,0,0,0,0,0,0,0,0,0,0,0,0,0,0,0,0,0,0,0,0,O000
"Tucker, Justin",12674,BAL,9030,PK,,0,1,0,0,0,0,0,0,0,0,0,0,0,0,0,0,0,0,0,0,4,4,0,2,3,1,0,0,1,1,0,U046G055G048
"Watson, Benjamin",3085,BAL,9030,TE,,0,1,0,0,0,0,0,0,0,0,0,0,0,0,0,4,2,6,1,0,0,0,0,0,0,0,0,0,0,0,0,C002
"Ricard, Patrick",16214,BAL,9030,DE,,0,1,0,0,0,0,0,0,0,0,0,0,0,0,0,1,1,1,0,0,0,0,0,0,0,0,0,0,0,0,0,
"Hauschka, Stephen",3202,BUF,9000,PK,,0,1,0,0,0,0,0,0,0,0,0,0,0,0,0,0,0,0,0,0,4,4,0,2,2,0,0,1,1,0,0,G035G044
"Holmes, Andre",12245,BUF,9000,WR,,0,1,0,0,0,0,0,0,0,0,0,0,0,0,0,4,3,51,1,0,0,0,0,0,0,0,0,0,0,0,0,C006
"Jones, Zay",15927,BUF,9000,WR,,0,1,0,0,0,0,0,0,0,0,0,0,0,0,0,5,3,32,0,0,0,0,0,0,0,0,0,0,0,0,0,
"Matthews, Jordan",14392,BUF,9000,WR,,0,1,0,0,0,0,0,0,0,0,0,0,0,0,0,4,3,21,0,0,0,0,0,0,0,0,0,0,0,0,0,
"McCoy, LeSean",11053,BUF,9000,RB,,0,1,0,0,0,0,0,0,0,0,0,27,151,1,0,7,6,22,0,0,0,0,0,0,0,0,0,0,0,0,0,R048
"O'Leary, Nick",15112,BUF,9000,TE,,0,1,0,0,0,0,0,0,0,0,0,0,0,0,0,3,1,5,0,0,0,0,0,0,0,0,0,0,0,0,0,
"Tate, Brandon",11083,BUF,9000,WR,,0,1,0,0,0,0,0,0,0,0,0,0,0,0,0,1,1,24,0,0,0,0,0,0,0,0,0,0,0,0,0,
"Taylor, Tyrod",12034,BUF,9000,QB,,0,1,0,20,27,165,0,1,0,0,0,6,1,1,0,0,0,0,0,0,0,0,0,0,0,0,0,0,0,0,0,T006R001
"Thomas, Logan",14571,BUF,9000,TE,,0,1,0,0,0,0,0,0,0,0,0,0,0,0,0,1,1,7,0,0,0,0,0,0,0,0,0,0,0,0,0,
"Thompson, Deonte",12673,BUF,9000,WR,,0,1,0,0,0,0,0,0,0,0,0,0,0,0,0,1,1,5,0,0,0,0,0,0,0,0,0,0,0,0,0,
"Tolbert, Mike",2988,BUF,9000,RB,,0,1,0,0,0,0,0,0,0,0,0,4,14,0,0,1,1,-2,0,0,0,0,0,0,0,0,0,0,0,0,0,
"Artis-Payne, Cameron",14790,CAR,9028,RB,,0,1,0,0,0,0,0,0,0,0,0,4,8,0,0,1,1,2,0,0,0,0,0,0,0,0,0,0,0,0,0,
"Benjamin, Kelvin",14094,CAR,9028,WR,,0,1,0,0,0,0,0,0,0,0,0,0,0,0,0,7,3,39,1,0,0,0,0,0,0,0,0,0,0,0,0,C025
"Dickson, Ed",11480,CAR,9028,TE,,0,1,0,0,0,0,0,0,0,0,0,0,0,0,0,5,4,24,0,0,0,0,0,0,0,0,0,0,0,0,0,
"Funchess, Devin",14918,CAR,9028,WR,,0,1,0,0,0,0,0,0,0,0,0,0,0,0,0,6,2,11,0,0,0,0,0,0,0,0,0,0,0,0,0,
"Gano, Graham",11369,CAR,9028,PK,,0,1,0,0,0,0,0,0,0,0,0,0,0,0,0,0,0,0,0,0,2,2,0,1,1,0,1,0,0,0,0,G028
"McCaffrey, Christian",15901,CAR,9028,RB,,0,1,0,0,0,0,0,0,0,0,0,4,3,0,0,7,5,49,0,0,0,0,0,0,0,0,0,0,0,0,0,
"Newton, Cam",11855,CAR,9028,QB,,0,1,0,18,32,154,1,1,0,0,0,11,44,0,0,0,0,0,0,0,0,0,0,0,0,0,0,0,0,0,0,T025
"Samuel, Curtis",15929,CAR,9028,WR,,0,1,0,0,0,0,0,0,0,0,0,1,11,0,0,3,2,15,0,0,0,0,0,0,0,0,0,0,0,0,0,
"Shepard, Russell",13879,CAR,9028,WR,,0,1,0,0,0,0,0,0,0,0,0,0,0,0,0,1,1,14,0,0,0,0,0,0,0,0,0,0,0,0,0,
"Stewart, Jonathan",2967,CAR,9028,RB,,0,1,0,0,0,0,0,0,0,0,0,11,34,1,0,0,0,0,0,0,0,0,0,0,0,0,0,0,0,0,0,R001
"Barth, Connor",3203,CHI,9019,PK,,0,1,0,0,0,0,0,0,0,0,0,0,0,0,0,0,0,0,0,0,0,0,0,2,3,0,1,0,1,0,0,U048G027G044
"Brown, Daniel",15489,CHI,9019,TE,,0,1,0,0,0,0,0,0,0,0,0,0,0,0,0,1,1,9,0,0,0,0,0,0,0,0,0,0,0,0,0,
"Cohen, Tarik",16001,CHI,9019,RB,,0,1,0,0,0,0,0,0,0,0,0,4,2,1,0,3,1,6,0,0,0,0,0,0,0,0,0,0,0,0,0,R001
"Cunningham, Benny",13179,CHI,9019,RB,,0,1,0,0,0,0,0,0,0,0,0,1,0,0,0,1,1,0,0,0,0,0,0,0,0,0,0,0,0,0,0,
"Howard, Jordan",15595,CHI,9019,RB,,0,1,0,0,0,0,0,0,0,0,0,23,102,0,0,5,3,19,0,0,0,0,0,0,0,0,0,0,0,0,0,
"McBride, Tre",15074,CHI,9019,WR,,0,1,0,0,0,0,0,0,0,0,0,0,0,0,0,5,3,92,0,0,0,0,0,0,0,0,0,0,0,0,0,
"Sims, Dion",13509,CHI,9019,TE,,0,1,0,0,0,0,0,0,0,0,0,0,0,0,0,5,3,15,0,0,0,0,0,0,0,0,0,0,0,0,0,
"Trubisky, Mitchell",15895,CHI,9019,QB,,0,1,0,14,32,164,1,0,0,2,14,3,53,0,0,0,0,0,0,0,0,0,0,0,0,0,0,0,0,0,0,
"Wright, Kendall",12295,CHI,9019,WR,,0,1,0,0,0,0,0,0,0,0,0,0,0,0,0,8,2,23,0,0,0,0,0,0,0,0,0,0,0,0,0,
"Bernard, Giovani",13110,CIN,9005,RB,,0,1,0,0,0,0,0,0,0,0,0,2,5,0,0,2,0,0,0,0,0,0,0,0,0,0,0,0,0,0,0,
"Bullock, Randy",12435,CIN,9005,PK,,0,1,0,0,0,0,0,0,0,0,0,0,0,0,0,0,0,0,0,0,3,3,0,1,2,1,1,0,0,0,0,U034G029
"Dalton, Andy",11889,CIN,9005,QB,,0,1,0,17,29,243,0,2,0,3,25,3,10,0,0,0,0,0,0,0,0,0,0,0,0,0,0,0,0,0,0,T008T025
"Erickson, Alex",15733,CIN,9005,WR,,0,1,0,0,0,0,0,0,0,0,0,1,14,0,0,0,0,0,0,0,0,0,0,0,0,0,0,0,0,0,1,
"Green, A.J.",11858,CIN,9005,WR,,0,1,0,0,0,0,0,0,0,0,0,0,0,0,0,8,3,27,1,0,0,0,0,0,0,0,0,0,0,0,0,C008
"Hill, Jeremy",14287,CIN,9005,RB,,0,1,0,0,0,0,0,0,0,0,0,4,11,0,0,0,0,0,0,0,0,0,0,0,0,0,0,0,0,0,0,
"Kroft, Tyler",15024,CIN,9005,TE,,0,1,0,0,0,0,0,0,0,0,0,0,0,0,0,6,5,46,0,0,0,0,0,0,0,0,0,0,0,0,0,
"LaFell, Brandon",11488,CIN,9005,WR,,0,1,0,0,0,0,0,0,0,0,0,0,0,0,0,5,4,44,0,0,0,0,0,0,0,0,0,0,0,0,0,
"Malone, Josh",16009,CIN,9005,WR,,0,1,0,0,0,0,0,0,0,0,0,0,0,0,0,3,2,35,1,0,0,0,0,0,0,0,0,0,0,0,0,C025
"Mixon, Joe",15937,CIN,9005,RB,,0,1,0,0,0,0,0,0,0,0,0,11,18,0,0,3,3,91,0,0,0,0,0,0,0,0,0,0,0,0,1,
"Coates, Sammie",14842,CLE,9006,WR,,0,1,0,0,0,0,0,0,0,0,0,0,0,0,0,2,2,13,0,0,0,0,0,0,0,0,0,0,0,0,0,
"Crowell, Isaiah",14174,CLE,9006,RB,,0,1,0,0,0,0,0,0,0,0,0,11,64,1,0,6,4,54,0,0,0,0,0,0,0,0,0,0,0,0,1,R026
"Dayes, Matthew",16110,CLE,9006,RB,,0,1,0,0,0,0,0,0,0,0,0,0,0,0,0,1,1,15,0,0,0,0,0,0,0,0,0,0,0,0,0,
"DeValve, Seth",15551,CLE,9006,TE,,0,1,0,0,0,0,0,0,0,0,0,0,0,0,0,3,1,0,0,0,0,0,0,0,0,0,0,0,0,0,0,
"Gonzalez, Zane",16086,CLE,9006,PK,,0,1,0,0,0,0,0,0,0,0,0,0,0,0,0,0,0,0,0,0,1,2,0,1,2,0,1,0,0,0,0,Y001U035G023
"Higgins, Rashard",15589,CLE,9006,WR,,0,1,0,0,0,0,0,0,0,0,0,0,0,0,0,1,1,14,0,0,0,0,0,0,0,0,0,0,0,0,0,
"Johnson Jr., Duke",15005,CLE,9006,RB,,0,1,0,0,0,0,0,0,0,0,0,6,33,0,0,5,4,10,0,0,0,0,0,0,0,0,0,0,0,0,0,
"Kizer, DeShone",15941,CLE,9006,QB,,0,1,0,18,34,179,0,0,0,3,18,5,18,1,0,0,0,0,0,0,0,0,0,0,0,0,0,0,0,0,0,R001
"Louis, Ricardo",15625,CLE,9006,WR,,0,1,0,0,0,0,0,0,0,0,0,0,0,0,0,6,2,42,0,0,0,0,0,0,0,0,0,0,0,0,0,
"Njoku, David",15921,CLE,9006,TE,,0,1,0,0,0,0,0,0,0,0,0,0,0,0,0,7,2,19,0,0,0,0,0,0,0,0,0,0,0,0,0,
"Treggs, Bryce",15834,CLE,9006,WR,,0,1,0,0,0,0,0,0,0,0,0,0,0,0,0,3,1,12,0,0,0,0,0,0,0,0,0,0,0,0,1,
"Beasley, Cole",12699,DAL,9014,WR,,0,1,0,0,0,0,0,0,0,0,0,0,0,0,0,3,2,8,0,0,0,0,0,0,0,0,0,0,0,0,0,
"Bryant, Dez",11434,DAL,9014,WR,,0,1,0,0,0,0,0,0,0,0,0,0,0,0,0,6,4,39,0,0,0,0,0,0,0,0,0,0,0,0,0,
"Butler, Brice",13144,DAL,9014,WR,,0,1,0,0,0,0,0,0,0,0,0,0,0,0,0,1,0,0,0,0,0,0,0,0,0,0,0,0,0,0,0,
"Elliott, Ezekiel",15562,DAL,9014,RB,,0,1,0,0,0,0,0,0,0,0,0,33,150,2,0,2,1,4,0,0,0,0,0,0,0,0,0,0,0,0,1,R013R001
"Morris, Alfred",12447,DAL,9014,RB,,0,1,0,0,0,0,0,0,0,0,0,3,3,0,0,0,0,0,0,0,0,0,0,0,0,0,0,0,0,0,0,
"Nugent, Mike",3166,DAL,9014,PK,,0,1,0,0,0,0,0,0,0,0,0,0,0,0,0,0,0,0,0,0,3,3,0,4,5,0,1,2,1,0,0,U049G036G048G027G037
"Prescott, Dak",15654,DAL,9014,QB,,0,1,0,14,22,143,0,0,0,2,5,3,16,0,0,0,0,0,0,0,0,0,0,0,0,0,0,0,0,0,0,
"Swaim, Geoff",15215,DAL,9014,TE,,0,1,0,0,0,0,0,0,0,0,0,0,0,0,0,1,1,18,0,0,0,0,0,0,0,0,0,0,0,0,0,
"Switzer, Ryan",16012,DAL,9014,WR,,0,1,0,0,0,0,0,0,0,0,0,0,0,0,0,1,1,7,0,0,0,0,0,0,0,0,0,0,0,0,0,
"Williams, Terrance",13606,DAL,9014,WR,,0,1,0,0,0,0,0,0,0,0,0,0,0,0,0,3,2,36,0,0,0,0,0,0,0,0,0,0,0,0,0,
"Witten, Jason",2272,DAL,9014,TE,,0,1,0,0,0,0,0,0,0,0,0,0,0,0,0,5,3,31,0,0,0,0,0,0,0,0,0,0,0,0,0,
"Anderson, C.J.",13080,DEN,9009,RB,,0,1,0,0,0,0,0,0,0,0,0,15,78,0,0,1,1,7,0,0,0,0,0,0,0,0,0,0,0,0,0,
"Booker, Devontae",15513,DEN,9009,RB,,0,1,0,0,0,0,0,0,0,0,0,6,40,1,0,3,3,14,0,0,0,0,0,0,0,0,0,0,0,0,0,R006
"Charles, Jamaal",2902,DEN,9009,RB,,0,1,0,0,0,0,0,0,0,0,0,8,39,0,0,1,1,5,0,0,0,0,0,0,0,0,0,0,0,0,1,
"Derby, A.J.",14881,DEN,9009,TE,,0,1,0,0,0,0,0,0,0,0,0,0,0,0,0,4,2,21,1,0,0,0,0,0,0,0,0,0,0,0,0,C011
"Fowler III, Bennie",14231,DEN,9009,WR,,0,1,0,0,0,0,0,0,0,0,0,0,0,0,0,6,2,35,0,0,0,0,0,0,0,0,0,0,0,0,0,
"Green, Virgil",12058,DEN,9009,TE,,0,1,0,0,0,0,0,0,0,0,0,0,0,0,0,2,1,16,0,0,0,0,0,0,0,0,0,0,0,0,0,
"Heuerman, Jeff",14976,DEN,9009,TE,,0,1,0,0,0,0,0,0,0,0,0,0,0,0,0,2,1,11,0,0,0,0,0,0,0,0,0,0,0,0,0,
"Janovich, Andy",15603,DEN,9009,RB,,0,1,0,0,0,0,0,0,0,0,0,0,0,0,0,1,0,0,0,0,0,0,0,0,0,0,0,0,0,0,0,
"Latimer, Cody",14356,DEN,9009,WR,,0,1,0,0,0,0,0,0,0,0,0,0,0,0,0,3,2,15,0,0,0,0,0,0,0,0,0,0,0,0,0,
"McKenzie, Isaiah",16044,DEN,9009,WR,,0,1,0,0,0,0,0,0,0,0,0,0,0,0,0,1,0,0,0,0,0,0,0,0,0,0,0,0,0,0,1,
"McManus, Brandon",13388,DEN,9009,PK,,0,1,0,0,0,0,0,0,0,0,0,0,0,0,0,0,0,0,0,0,1,1,0,2,2,0,1,1,0,0,0,G027G034
"Siemian, Trevor",15185,DEN,9009,QB,,0,1,0,19,36,198,3,1,0,3,11,2,20,0,0,0,0,0,0,0,0,0,0,0,0,0,0,0,0,0,0,T011
"Taylor, Jordan",15443,DEN,9009,WR,,0,1,0,0,0,0,0,0,0,0,0,0,0,0,0,3,1,8,0,0,0,0,0,0,0,0,0,0,0,0,0,
"Thomas, Demaryius",11432,DEN,9009,WR,,0,1,0,0,0,0,0,0,0,0,0,0,0,0,0,9,5,66,0,0,0,0,0,0,0,0,0,0,0,0,0,
"Abdullah, Ameer",14773,DET,9020,RB,,0,1,0,0,0,0,0,0,0,0,0,11,27,0,0,3,3,11,0,0,0,0,0,0,0,0,0,0,0,0,0,
"Ebron, Eric",14203,DET,9020,TE,,0,1,0,0,0,0,0,0,0,0,0,0,0,0,0,6,2,58,0,0,0,0,0,0,0,0,0,0,0,0,0,
"Fells, Darren",13222,DET,9020,TE,,0,1,0,0,0,0,0,0,0,0,0,0,0,0,0,3,1,12,0,0,0,0,0,0,0,0,0,0,0,0,0,
"Jones Jr., Marvin",12440,DET,9020,WR,,0,1,0,0,0,0,0,0,0,0,0,0,0,0,0,11,6,128,0,0,0,0,0,0,0,0,0,0,0,0,0,
"Jones, TJ",14339,DET,9020,WR,,0,1,0,0,0,0,0,0,0,0,0,0,0,0,0,8,4,88,0,0,0,0,0,0,0,0,0,0,0,0,0,
"Prater, Matt",3192,DET,9020,PK,,0,1,0,0,0,0,0,0,0,0,0,0,0,0,0,0,0,0,0,0,0,0,0,5,5,0,1,2,1,1,0,G048G037G051G034G019
"Riddick, Theo",13467,DET,9020,RB,,0,1,0,0,0,0,0,0,0,0,0,4,21,0,0,2,2,24,0,0,0,0,0,0,0,0,0,0,0,0,0,
"Roberts, Michael",16008,DET,9020,TE,,0,1,0,0,0,0,0,0,0,0,0,0,0,0,0,2,0,0,0,0,0,0,0,0,0,0,0,0,0,0,0,
"Stafford, Matthew",11001,DET,9020,QB,,0,1,0,27,45,423,0,0,0,2,12,1,11,0,0,0,0,0,0,0,0,0,0,0,0,0,0,0,0,0,0,
"Tate, Golden",11470,DET,9020,WR,,0,1,0,0,0,0,0,0,0,0,0,0,0,0,0,8,7,86,0,0,0,0,0,0,0,0,0,0,0,0,1,
"Washington, Dwayne",15699,DET,9020,RB,,0,1,0,0,0,0,0,0,0,0,0,6,12,0,0,1,1,4,0,0,0,0,0,0,0,0,0,0,0,0,0,
"Agnew, Jamal",16037,DET,9020,CB,,0,1,0,0,0,0,0,0,0,0,0,0,0,0,0,1,1,12,0,0,0,0,0,0,0,0,0,0,0,0,0,
"Anderson, Stephen",15718,HOU,9031,TE,,0,1,0,0,0,0,0,0,0,0,0,0,0,0,0,2,1,11,0,0,0,0,0,0,0,0,0,0,0,0,0,
"Blue, Alfred",14103,HOU,9031,RB,,0,1,0,0,0,0,0,0,0,0,0,5,21,0,0,0,0,0,0,0,0,0,0,0,0,0,0,0,0,0,0,
"Ellington, Bruce",14207,HOU,9031,WR,,0,1,0,0,0,0,0,0,0,0,0,0,0,0,0,4,1,13,0,0,0,0,0,0,0,0,0,0,0,0,0,
"Fairbairn, Ka'imi",15735,HOU,9031,PK,,0,1,0,0,0,0,0,0,0,0,0,0,0,0,0,0,0,0,0,0,5,5,0,1,1,0,0,1,0,0,0,G031
"Fuller V, Will",15572,HOU,9031,WR,,0,1,0,0,0,0,0,0,0,0,0,0,0,0,0,8,5,125,2,0,0,0,0,0,0,0,0,0,0,0,0,C059C020
"Griffin, Ryan",13254,HOU,9031,TE,,0,1,0,0,0,0,0,0,0,0,0,0,0,0,0,2,1,10,0,0,0,0,0,0,0,0,0,0,0,0,0,
"Hopkins, DeAndre",13285,HOU,9031,WR,,0,1,0,0,0,0,0,0,0,0,0,0,0,0,0,11,8,224,1,0,0,0,0,0,0,0,0,0,0,0,0,C072
"Miller, Lamar",12371,HOU,9031,RB,,0,1,0,0,0,0,0,0,0,0,0,21,54,1,0,3,3,19,1,0,0,0,0,0,0,0,0,0,0,0,0,R003C002
"Watson, Deshaun",15905,HOU,9031,QB,,0,1,0,19,30,402,3,4,0,5,35,8,67,0,0,0,0,0,0,0,0,0,0,0,0,0,0,0,0,0,0,T059T020T002T072
"Aiken, Kamar",12226,IND,9001,WR,,0,1,0,0,0,0,0,0,0,0,0,0,0,0,0,5,2,33,0,0,0,0,0,0,0,0,0,0,0,0,0,
"Brissett, Jacoby",15518,IND,9001,QB,,0,1,0,25,39,233,1,2,0,4,17,1,6,0,0,0,0,0,0,0,0,0,0,0,0,0,0,0,0,0,0,T013T024
"Doyle, Jack",13686,IND,9001,TE,,0,1,0,0,0,0,0,0,0,0,0,0,0,0,0,14,12,121,1,0,0,0,0,0,0,0,0,0,0,0,0,C013
"Gore, Frank",2491,IND,9001,RB,,0,1,0,0,0,0,0,0,0,0,0,16,82,0,0,4,4,19,0,0,0,0,0,0,0,0,0,0,0,0,0,
"Hilton, T.Y.",12366,IND,9001,WR,,0,1,0,0,0,0,0,0,0,0,0,0,0,0,0,7,2,15,0,0,0,0,0,0,0,0,0,0,0,0,0,
"Mack, Marlon",16020,IND,9001,RB,,0,1,0,0,0,0,0,0,0,0,0,11,27,0,0,5,3,36,1,0,0,0,0,0,0,0,0,0,0,0,0,C024
"Moncrief, Donte",14420,IND,9001,WR,,0,1,0,0,0,0,0,0,0,0,0,0,0,0,0,1,0,0,0,0,0,0,0,0,0,0,0,0,0,0,0,
"Rogers, Chester",15786,IND,9001,WR,,0,1,0,0,0,0,0,0,0,0,0,0,0,0,0,2,2,9,0,0,0,0,0,0,0,0,0,0,0,0,0,
"Vinatieri, Adam",1356,IND,9001,PK,,0,1,0,0,0,0,0,0,0,0,0,0,0,0,0,0,0,0,0,0,2,2,0,3,3,0,2,1,0,0,0,G029G033G029
"Butker, Harrison",16093,KC,9010,PK,,0,1,0,0,0,0,0,0,0,0,0,0,0,0,0,0,0,0,0,0,2,2,0,5,5,0,1,1,2,1,0,G025G032G043G051G042
"Harris, Demetrius",13721,KC,9010,TE,,0,1,0,0,0,0,0,0,0,0,0,0,0,0,0,2,0,0,0,0,0,0,0,0,0,0,0,0,0,0,0,
"Hill, Tyreek",15590,KC,9010,WR,,0,1,0,0,1,0,1,0,0,0,0,0,0,0,0,6,2,38,0,0,0,0,0,0,0,0,0,0,0,0,0,
"Hunt, Kareem",15969,KC,9010,RB,,0,1,0,0,0,0,0,0,0,0,0,22,46,0,0,5,3,22,0,0,0,0,0,0,0,0,0,0,0,0,0,
"Kelce, Travis",13335,KC,9010,TE,,0,1,0,0,0,0,0,0,0,0,0,0,0,0,0,10,7,133,1,0,0,0,0,0,0,0,0,0,0,0,0,C029
"Robinson, Demarcus",15667,KC,9010,WR,,0,1,0,0,0,0,0,0,0,0,0,0,0,0,0,1,1,5,0,0,0,0,0,0,0,0,0,0,0,0,0,
"Smith, Alex",2471,KC,9010,QB,,0,1,0,14,31,202,0,1,0,1,5,4,33,0,0,0,0,0,0,0,0,0,0,0,0,0,0,0,0,0,1,T029
"Travis, Ross",15796,KC,9010,TE,,0,1,0,0,0,0,0,0,0,0,0,0,0,0,0,2,0,0,0,0,0,0,0,0,0,0,0,0,0,0,0,
"West, Charcandrick",14620,KC,9010,RB,,0,1,0,0,0,0,0,0,0,0,0,0,0,0,0,2,1,4,0,0,0,0,0,0,0,0,0,0,0,0,0,
"Wilson, Albert",14639,KC,9010,WR,,0,1,0,0,0,0,0,0,0,0,0,0,0,0,0,1,0,0,0,0,0,0,0,0,0,0,0,0,0,0,0,
"Allen, Keenan",13076,LAC,9012,WR,,0,1,0,0,0,0,0,0,0,0,0,0,0,0,0,5,4,61,0,0,0,0,0,0,0,0,0,0,0,0,0,
"Benjamin, Travis",12374,LAC,9012,WR,,0,1,0,0,0,0,0,0,0,0,0,2,14,0,0,9,5,64,1,0,0,0,0,0,0,0,0,0,0,0,0,C024
"Ekeler, Austin",16161,LAC,9012,RB,,0,1,0,0,0,0,0,0,0,0,0,2,8,0,0,1,1,13,0,0,0,0,0,0,0,0,0,0,0,0,0,
"Gates, Antonio",2373,LAC,9012,TE,,0,1,0,0,0,0,0,0,0,0,0,0,0,0,0,2,2,25,0,0,0,0,0,0,0,0,0,0,0,0,0,
"Gordon, Melvin",14934,LAC,9012,RB,,0,1,0,0,0,0,0,0,0,0,0,14,132,1,0,2,1,7,0,0,0,0,0,0,0,0,0,0,0,0,0,R087
"Henry, Hunter",15586,LAC,9012,TE,,0,1,0,0,0,0,0,0,0,0,0,0,0,0,0,2,2,11,0,0,0,0,0,0,0,0,0,0,0,0,0,
"Novak, Nick",3175,LAC,9012,PK,,0,1,0,0,0,0,0,0,0,0,0,0,0,0,0,0,0,0,0,0,1,1,0,0,1,1,0,0,0,0,0,U051
"Oliver, Branden",14442,LAC,9012,RB,,0,1,0,0,0,0,0,0,0,0,0,3,3,0,0,0,0,0,0,0,0,0,0,0,0,0,0,0,0,0,0,
"Rivers, Philip",3062,LAC,9012,QB,,0,1,0,17,30,212,1,1,0,1,20,0,0,0,0,0,0,0,0,0,0,0,0,0,0,0,0,0,0,0,0,T024
"Williams, Mike",15900,LAC,9012,WR,,0,1,0,0,0,0,0,0,0,0,0,0,0,0,0,2,1,7,0,0,0,0,0,0,0,0,0,0,0,0,0,
"Williams, Tyrell",15375,LAC,9012,WR,,0,1,0,0,0,0,0,0,0,0,0,0,0,0,0,6,1,24,0,0,0,0,0,0,0,0,0,0,0,0,0,
"Ajayi, Jay",14775,MIA,9002,RB,,0,1,0,0,0,0,0,0,0,0,0,13,23,0,0,4,4,18,0,0,0,0,0,0,0,0,0,0,0,0,0,
"Carroo, Leonte",15535,MIA,9002,WR,,0,1,0,0,0,0,0,0,0,0,0,0,0,0,0,8,6,48,0,0,0,0,0,0,0,0,0,0,0,0,0,
"Drake, Kenyan",15558,MIA,9002,RB,,0,1,0,0,0,0,0,0,0,0,0,6,22,0,0,1,0,0,0,0,0,0,0,0,0,0,0,0,0,0,0,
"Fasano, Anthony",2620,MIA,9002,TE,,0,1,0,0,0,0,0,0,0,0,0,0,0,0,0,2,2,11,0,0,0,0,0,0,0,0,0,0,0,0,0,
"Landry, Jarvis",14354,MIA,9002,WR,,0,1,0,0,0,0,0,0,0,0,0,0,0,0,0,12,5,33,0,0,0,0,0,0,0,0,0,0,0,0,0,
"Moore, Matt",2839,MIA,9002,QB,,0,1,0,25,44,176,2,0,0,3,25,0,0,0,0,0,0,0,0,0,0,0,0,0,0,0,0,0,0,0,0,
"Parkey, Cody",14447,MIA,9002,PK,,0,1,0,0,0,0,0,0,0,0,0,0,0,0,0,0,0,0,0,0,0,0,0,0,1,0,0,0,0,0,0,U050
"Stills, Kenny",13532,MIA,9002,WR,,0,1,0,0,0,0,0,0,0,0,0,0,0,0,0,10,5,65,0,0,0,0,0,0,0,0,0,0,0,0,0,
"Thomas, Julius",11983,MIA,9002,TE,,0,1,0,0,0,0,0,0,0,0,0,0,0,0,0,3,2,2,0,0,0,0,0,0,0,0,0,0,0,0,0,
"Williams, Damien",14633,MIA,9002,RB,,0,1,0,0,0,0,0,0,0,0,0,0,0,0,0,2,1,-1,0,0,0,0,0,0,0,0,0,0,0,0,0,
"Diggs, Stefon",14887,MIN,9022,WR,,0,1,0,0,0,0,0,0,0,0,0,1,-1,0,0,6,4,27,0,0,0,0,0,0,0,0,0,0,0,0,0,
"Floyd, Michael",12288,MIN,9022,WR,,0,1,0,0,0,0,0,0,0,0,0,0,0,0,0,1,1,7,0,0,0,0,0,0,0,0,0,0,0,0,0,
"Forbath, Kai",13009,MIN,9022,PK,,0,1,0,0,0,0,0,0,0,0,0,0,0,0,0,0,0,0,0,0,1,2,1,4,4,0,0,2,1,1,0,Y001G035G034G043G051
"Keenum, Case",12573,MIN,9022,QB,,0,1,0,27,43,288,1,2,0,1,1,0,0,0,0,0,0,0,0,0,0,0,0,0,0,0,0,0,0,0,0,T018T004
"McKinnon, Jerick",14410,MIN,9022,RB,,0,1,0,0,0,0,0,0,0,0,0,14,50,1,1,10,6,72,0,0,0,0,0,0,0,0,0,0,0,0,0,R001XR01
"Morgan II, David",15639,MIN,9022,TE,,0,1,0,0,0,0,0,0,0,0,0,0,0,0,0,3,3,28,0,0,0,0,0,0,0,0,0,0,0,0,0,
"Murray, Latavius",13417,MIN,9022,RB,,0,1,0,0,0,0,0,0,0,0,0,19,39,0,0,1,1,8,0,0,0,0,0,0,0,0,0,0,0,0,0,
"Rudolph, Kyle",11897,MIN,9022,TE,,0,1,0,0,0,0,0,0,0,0,0,0,0,0,0,7,6,27,1,0,0,0,0,0,0,0,0,0,0,0,0,C004
"Thielen, Adam",13903,MIN,9022,WR,,0,1,0,0,0,0,0,0,0,0,0,0,0,0,0,10,5,98,1,0,0,0,0,0,0,0,0,0,0,0,0,C018
"Treadwell, Laquon",15689,MIN,9022,WR,,0,1,0,0,0,0,0,0,0,0,0,0,0,0,0,4,1,21,0,0,0,0,0,0,0,0,0,0,0,0,0,
"Amendola, Danny",11321,NE,9003,WR,,0,1,0,0,0,0,0,0,0,0,0,0,0,0,0,6,2,14,0,0,0,0,0,0,0,0,0,0,0,0,0,
"Brady, Tom",1812,NE,9003,QB,,0,1,0,32,47,333,0,1,0,3,16,1,2,0,0,0,0,0,0,0,0,0,0,0,0,0,0,0,0,0,0,T002
"Burkhead, Rex",13141,NE,9003,RB,,0,1,0,0,0,0,0,0,0,0,0,4,15,0,0,7,7,68,0,0,0,0,0,0,0,0,0,0,0,0,0,
"Cooks, Brandin",14164,NE,9003,WR,,0,1,0,0,0,0,0,0,0,0,0,0,0,0,0,8,5,26,0,0,0,0,0,0,0,0,0,0,0,0,0,
"Gillislee, Mike",13237,NE,9003,RB,,0,1,0,0,0,0,0,0,0,0,0,11,34,0,0,0,0,0,0,0,0,0,0,0,0,0,0,0,0,0,0,
"Gostkowski, Stephen",3180,NE,9003,PK,,0,1,0,0,0,0,0,0,0,0,0,0,0,0,0,0,0,0,0,0,1,1,0,4,6,0,2,1,1,0,0,U043U043G025G036G043G026
"Gronkowski, Rob",11452,NE,9003,TE,,0,1,0,0,0,0,0,0,0,0,0,0,0,0,0,9,5,57,1,0,0,0,0,0,0,0,0,0,0,0,0,C002
"Hogan, Chris",12747,NE,9003,WR,,0,1,0,0,0,0,0,0,0,0,0,0,0,0,0,7,5,60,0,0,0,0,0,0,0,0,0,0,0,0,0,
"Hollister, Jacob",16177,NE,9003,TE,,0,1,0,0,0,0,0,0,0,0,0,0,0,0,0,1,1,13,0,0,0,0,0,0,0,0,0,0,0,0,0,
"Lewis, Dion",12003,NE,9003,RB,,0,1,0,0,0,0,0,0,0,0,0,15,44,0,0,2,2,10,0,0,0,0,0,0,0,0,0,0,0,0,0,
"White, James",14626,NE,9003,RB,,0,1,0,0,0,0,0,0,0,0,0,1,2,0,0,6,5,85,0,0,0,0,0,0,0,0,0,0,0,0,0,
"Brees, Drew",1937,NO,9026,QB,,0,1,0,23,28,299,0,0,0,2,13,4,-2,0,0,0,0,0,0,0,0,0,0,0,0,0,0,0,0,0,0,
"Coleman, Brandon",14158,NO,9026,WR,,0,1,0,0,0,0,0,0,0,0,0,0,0,0,0,1,1,54,0,0,0,0,0,0,0,0,0,0,0,0,0,
"Fleener, Coby",12309,NO,9026,TE,,0,1,0,0,0,0,0,0,0,0,0,0,0,0,0,1,1,-1,0,0,0,0,0,0,0,0,0,0,0,0,0,
"Ginn Jr., Ted",2755,NO,9026,WR,,0,1,0,0,0,0,0,0,0,0,0,0,0,0,0,4,2,68,0,0,0,0,0,0,0,0,0,0,0,0,0,
"Hill, Josh",13732,NO,9026,TE,,0,1,0,0,0,0,0,0,0,0,0,0,0,0,0,4,3,29,0,0,0,0,0,0,0,0,0,0,0,0,0,
"Ingram, Mark",11882,NO,9026,RB,,0,1,0,0,0,0,0,0,0,0,0,18,75,1,0,6,6,24,0,0,0,0,0,0,0,0,0,0,0,0,2,R001
"Kamara, Alvin",15953,NO,9026,RB,,0,1,0,0,0,0,0,0,0,0,0,8,28,1,0,3,3,48,0,0,0,0,0,0,0,0,0,0,0,0,0,R008
"Lutz, Wil",15823,NO,9026,PK,,0,1,0,0,0,0,0,0,0,0,0,0,0,0,0,0,0,0,0,0,2,2,0,2,2,0,0,0,2,0,0,G045G049
"Thomas, Michael",15686,NO,9026,WR,,0,1,0,0,0,0,0,0,0,0,0,0,0,0,0,8,7,77,0,0,0,0,0,0,0,0,0,0,0,0,0,
"Anderson, Robby",15717,NYJ,9004,WR,,0,1,0,0,0,0,0,0,0,0,0,1,1,0,0,6,6,104,1,0,0,0,0,0,0,0,0,0,0,0,0,C024
"Catanzaro, Chandler",14147,NYJ,9004,PK,,0,1,0,0,0,0,0,0,0,0,0,0,0,0,0,0,0,0,0,0,2,2,0,2,4,0,0,0,2,0,0,U046U048G043G046
"Forte, Matt",2916,NYJ,9004,RB,,0,1,0,0,0,0,0,0,0,0,0,4,7,0,0,7,6,45,0,0,0,0,0,0,0,0,0,0,0,0,0,
"Kearse, Jermaine",12828,NYJ,9004,WR,,0,1,0,0,0,0,0,0,0,0,0,0,0,0,0,5,2,14,0,0,0,0,0,0,0,0,0,0,0,0,0,
"Kerley, Jeremy",12007,NYJ,9004,WR,,0,1,0,0,0,0,0,0,0,0,0,0,0,0,0,3,1,7,0,0,0,0,0,0,0,0,0,0,0,0,1,
"McCown, Josh",2121,NYJ,9004,QB,,0,1,0,26,33,257,0,2,0,3,21,1,0,0,0,0,0,0,0,0,0,0,0,0,0,0,0,0,0,0,0,T020T024
"McGuire, Elijah",16058,NYJ,9004,RB,,0,1,0,0,0,0,0,0,0,0,0,1,2,0,0,0,0,0,0,0,0,0,0,0,0,0,0,0,0,0,0,
"Powell, Bilal",11980,NYJ,9004,RB,,0,1,0,0,0,0,0,0,0,0,0,14,33,0,0,3,3,28,0,0,0,0,0,0,0,0,0,0,0,0,0,
"Seferian-Jenkins, Austin",14519,NYJ,9004,TE,,0,1,0,0,0,0,0,0,0,0,0,0,0,0,0,5,5,28,0,0,0,0,0,0,0,0,0,0,0,0,0,
"Thomas, Lawrence",16278,NYJ,9004,RB,,0,1,0,0,0,0,0,0,0,0,0,1,0,0,0,2,2,11,0,0,0,0,0,0,0,0,0,0,0,0,0,
"Tomlinson, Eric",15231,NYJ,9004,TE,,0,1,0,0,0,0,0,0,0,0,0,0,0,0,0,1,1,20,1,0,0,0,0,0,0,0,0,0,0,0,0,C020
"Carr, Derek",14142,OAK,9011,QB,,0,1,0,31,49,313,2,1,0,0,0,0,0,0,0,0,0,0,0,0,0,0,0,0,0,0,0,0,0,0,0,T004
"Cook, Jared",11089,OAK,9011,TE,,0,1,0,0,0,0,0,0,0,0,0,0,0,0,0,5,4,57,0,0,0,0,0,0,0,0,0,0,0,0,0,
"Cooper, Amari",14852,OAK,9011,WR,,0,1,0,0,0,0,0,0,0,0,0,1,4,0,0,10,5,48,0,0,0,0,0,0,0,0,0,0,0,0,0,
"Crabtree, Michael",11010,OAK,9011,WR,,0,1,0,0,0,0,0,0,0,0,0,0,0,0,0,10,5,83,0,0,0,0,0,0,0,0,0,0,0,0,0,
"Olawale, Jamize",12647,OAK,9011,RB,,0,1,0,0,0,0,0,0,0,0,0,2,3,1,0,0,0,0,0,0,0,0,0,0,0,0,0,0,0,0,0,R001
"Patterson, Cordarrelle",13435,OAK,9011,WR,,0,1,0,0,0,0,0,0,0,0,0,0,0,0,0,4,3,7,0,0,0,0,0,0,0,0,0,0,0,0,0,
"Richard, Jalen",15784,OAK,9011,RB,,0,1,0,0,0,0,0,0,0,0,0,5,21,0,0,7,5,35,0,0,0,0,0,0,0,0,0,0,0,0,1,
"Smith, Lee",12013,OAK,9011,TE,,0,1,0,0,0,0,0,0,0,0,0,0,0,0,0,3,1,21,0,0,0,0,0,0,0,0,0,0,0,0,0,
"Tavecchio, Giorgio",13542,OAK,9011,PK,,0,1,0,0,0,0,0,0,0,0,0,0,0,0,0,0,0,0,0,0,2,2,0,0,0,0,0,0,0,0,0,
"Washington, DeAndre",15698,OAK,9011,RB,,0,1,0,0,0,0,0,0,0,0,0,6,26,0,0,10,8,62,1,0,0,0,0,0,0,0,0,0,0,0,1,C004
"Agholor, Nelson",14774,PHI,9016,WR,,0,1,0,0,0,0,0,0,0,0,0,0,0,0,0,3,3,26,0,0,0,0,0,0,0,0,0,0,0,0,0,
"Barner, Kenjon",13098,PHI,9016,RB,,0,1,0,0,0,0,0,0,0,0,0,0,0,0,0,2,2,11,0,0,0,0,0,0,0,0,0,0,0,0,0,
"Blount, LeGarrette",11746,PHI,9016,RB,,0,1,0,0,0,0,0,0,0,0,0,16,48,1,0,1,1,4,0,0,0,0,0,0,0,0,0,0,0,0,0,R012
"Burton, Trey",14136,PHI,9016,TE,,0,1,0,0,0,0,0,0,0,0,0,0,0,0,0,2,2,21,0,0,0,0,0,0,0,0,0,0,0,0,0,
"Celek, Brent",2803,PHI,9016,TE,,0,1,0,0,0,0,0,0,0,0,0,0,0,0,0,2,1,14,0,0,0,0,0,0,0,0,0,0,0,0,0,
"Clement, Corey",16151,PHI,9016,RB,,0,1,0,0,0,0,0,0,0,0,0,10,54,0,0,1,0,0,0,0,0,0,0,0,0,0,0,0,0,0,0,
"Elliott, Jake",16029,PHI,9016,PK,,0,1,0,0,0,0,0,0,0,0,0,0,0,0,0,0,0,0,0,0,1,3,0,2,2,0,0,0,1,1,0,Y002G040G051
"Ertz, Zach",13213,PHI,9016,TE,,0,1,0,0,0,0,0,0,0,0,0,0,0,0,0,6,4,34,1,0,0,0,0,0,0,0,0,0,0,0,0,C001
"Foles, Nick",12362,PHI,9016,QB,,0,1,0,0,0,0,0,0,0,0,0,2,-2,0,0,0,0,0,0,0,0,0,0,0,0,0,0,0,0,0,0,
"Hollins, Mack",16000,PHI,9016,WR,,0,1,0,0,0,0,0,0,0,0,0,0,0,0,0,3,2,30,0,0,0,0,0,0,0,0,0,0,0,0,0,
"Jeffery, Alshon",12320,PHI,9016,WR,,0,1,0,0,0,0,0,0,0,0,0,0,0,0,0,8,2,62,1,1,0,0,0,0,0,0,0,0,0,0,0,XC01C053
"Smallwood, Wendell",15679,PHI,9016,RB,,0,1,0,0,0,0,0,0,0,0,0,1,5,0,0,2,1,9,0,0,0,0,0,0,0,0,0,0,0,0,0,
"Wentz, Carson",15702,PHI,9016,QB,,0,1,0,18,32,211,1,2,1,3,19,2,7,0,0,0,0,0,0,0,0,0,0,0,0,0,0,0,0,0,0,T001XT01T053
"Bell, Le'Veon",13109,PIT,9008,RB,,0,1,0,0,0,0,0,0,0,0,0,25,76,1,0,3,2,5,0,0,0,0,0,0,0,0,0,0,0,0,1,R005
"Boswell, Chris",14110,PIT,9008,PK,,0,1,0,0,0,0,0,0,0,0,0,0,0,0,0,0,0,0,0,0,2,2,0,2,2,0,0,2,0,0,0,G034G038
"Brown, Antonio",11605,PIT,9008,WR,,0,1,0,0,0,0,0,0,0,0,0,0,0,0,0,10,5,70,0,0,0,0,0,0,0,0,0,0,0,0,0,
"Conner, James",15988,PIT,9008,RB,,0,1,0,0,0,0,0,0,0,0,0,1,1,0,0,0,0,0,0,0,0,0,0,0,0,0,0,0,0,0,0,
"Heyward-Bey, Darrius",11007,PIT,9008,WR,,0,1,0,0,0,0,0,0,0,0,0,0,0,0,0,1,0,0,0,0,0,0,0,0,0,0,0,0,0,0,0,
"Hunter, Justin",13293,PIT,9008,WR,,0,1,0,0,0,0,0,0,0,0,0,0,0,0,0,3,1,7,0,0,0,0,0,0,0,0,0,0,0,0,0,
"James, Jesse",14999,PIT,9008,TE,,0,1,0,0,0,0,0,0,0,0,0,0,0,0,0,3,2,42,0,0,0,0,0,0,0,0,0,0,0,0,0,
"Roethlisberger, Ben",3066,PIT,9008,QB,,0,1,0,17,31,317,1,1,0,0,0,3,-2,0,0,0,0,0,0,0,0,0,0,0,0,0,0,0,0,0,0,T097
"Rogers, Eli",15160,PIT,9008,WR,,0,1,0,0,0,0,0,0,0,0,0,0,0,0,0,1,0,0,0,0,0,0,0,0,0,0,0,0,0,0,0,
"Smith-Schuster, JuJu",15950,PIT,9008,WR,,0,1,0,0,0,0,0,0,0,0,0,0,0,0,0,10,7,193,1,0,0,0,0,0,0,0,0,0,0,0,0,C097
"Baldwin, Doug",12173,SEA,9013,WR,,0,1,0,0,0,0,0,0,0,0,0,0,0,0,0,10,6,54,0,0,0,0,0,0,0,0,0,0,0,0,0,
"Graham, Jimmy",11505,SEA,9013,TE,,0,1,0,0,0,0,0,0,0,0,0,0,0,0,0,5,4,39,2,0,0,0,0,0,0,0,0,0,0,0,0,C001C018
"Lacy, Eddie",13349,SEA,9013,RB,,0,1,0,0,0,0,0,0,0,0,0,6,0,0,0,0,0,0,0,0,0,0,0,0,0,0,0,0,0,0,0,
"Lockett, Tyler",15041,SEA,9013,WR,,0,1,0,0,0,0,0,0,0,0,0,1,-2,0,0,8,6,121,0,0,0,0,0,0,0,0,0,0,0,0,0,
"Madden, Tre",16194,SEA,9013,RB,,0,1,0,0,0,0,0,0,0,0,0,0,0,0,0,1,1,66,0,0,0,0,0,0,0,0,0,0,0,0,0,
"McEvoy, Tanner",15769,SEA,9013,WR,,0,1,0,0,0,0,0,0,0,0,0,0,0,0,0,1,1,53,0,0,0,0,0,0,0,0,0,0,0,0,0,
"McKissic, J.D.",15885,SEA,9013,RB,,0,1,0,0,0,0,0,0,0,0,0,4,6,0,0,2,1,6,0,0,0,0,0,0,0,0,0,0,0,0,0,
"Rawls, Thomas",15142,SEA,9013,RB,,0,1,0,0,0,0,0,0,0,0,0,6,-1,0,0,1,0,0,0,0,0,0,0,0,0,0,0,0,0,0,0,
"Richardson, Paul",14493,SEA,9013,WR,,0,1,0,0,0,0,0,0,0,0,0,0,0,0,0,7,6,105,2,0,0,0,0,0,0,0,0,0,0,0,0,C020C007
"Vannett, Nick",15691,SEA,9013,TE,,0,1,0,0,0,0,0,0,0,0,0,0,0,0,0,1,1,8,0,0,0,0,0,0,0,0,0,0,0,0,0,
"Walsh, Blair",12449,SEA,9013,PK,,0,1,0,0,0,0,0,0,0,0,0,0,0,0,0,0,0,0,0,0,5,5,0,2,2,0,2,0,0,0,0,G021G021
"Wilson, Russell",12349,SEA,9013,QB,,0,1,0,26,41,452,1,4,0,2,6,4,30,0,0,0,0,0,0,0,0,0,0,0,0,0,0,0,0,0,0,T020T007T001T018
"Beathard, C.J.",15987,SF,9027,QB,,0,1,0,17,36,167,2,1,0,4,23,6,40,0,0,0,0,0,0,0,0,0,0,0,0,0,0,0,0,0,0,T021
"Bourne, Kendrick",16136,SF,9027,WR,,0,1,0,0,0,0,0,0,0,0,0,0,0,0,0,2,0,0,0,0,0,0,0,0,0,0,0,0,0,0,0,
"Breida, Matt",16140,SF,9027,RB,,0,1,0,0,0,0,0,0,0,0,0,5,17,0,0,6,4,39,1,0,0,0,0,0,0,0,0,0,0,0,0,C021
"Celek, Garrett",12874,SF,9027,TE,,0,1,0,0,0,0,0,0,0,0,0,0,0,0,0,2,1,24,0,0,0,0,0,0,0,0,0,0,0,0,0,
"Garcon, Pierre",2918,SF,9027,WR,,0,1,0,0,0,0,0,0,0,0,0,0,0,0,0,4,2,17,0,0,0,0,0,0,0,0,0,0,0,0,0,
"Goodwin, Marquise",13245,SF,9027,WR,,0,1,0,0,0,0,0,0,0,0,0,0,0,0,0,3,0,0,0,0,0,0,0,0,0,0,0,0,0,0,0,
"Gould, Robbie",3177,SF,9027,PK,,0,1,0,0,0,0,0,0,0,0,0,0,0,0,0,0,0,0,0,0,1,1,0,1,2,1,0,0,0,1,0,U027G050
"Hikutini, Cole",16280,SF,9027,TE,,0,1,0,0,0,0,0,0,0,0,0,0,0,0,0,1,1,10,0,0,0,0,0,0,0,0,0,0,0,0,0,
"Hyde, Carlos",14303,SF,9027,RB,,0,1,0,0,0,0,0,0,0,0,0,12,25,0,0,9,4,22,0,0,0,0,0,0,0,0,0,0,0,0,0,
"Juszczyk, Kyle",13330,SF,9027,RB,,0,1,0,0,0,0,0,0,0,0,0,1,12,0,0,0,0,0,0,0,0,0,0,0,0,0,0,0,0,0,0,
"Kittle, George",16023,SF,9027,TE,,0,1,0,0,0,0,0,0,0,0,0,0,0,0,0,4,2,22,0,0,0,0,0,0,0,0,0,0,0,0,0,
"Robinson, Aldrick",12032,SF,9027,WR,,0,1,0,0,0,0,0,0,0,0,0,0,0,0,0,2,0,0,0,0,0,0,0,0,0,0,0,0,0,0,0,
"Taylor, Trent",16048,SF,9027,WR,,0,1,0,0,0,0,0,0,0,0,0,0,0,0,0,3,3,33,0,0,0,0,0,0,0,0,0,0,0,0,0,
"Brate, Cameron",14115,TB,9023,TE,,0,1,0,0,0,0,0,0,0,0,0,0,0,0,0,5,4,64,0,0,0,0,0,0,0,0,0,0,0,0,0,
"Evans, Mike",14212,TB,9023,WR,,0,1,0,0,0,0,0,0,0,0,0,0,0,0,0,10,5,60,0,0,0,0,0,0,0,0,0,0,0,0,0,
"Godwin, Chris",15968,TB,9023,WR,,0,1,0,0,0,0,0,0,0,0,0,0,0,0,0,2,1,8,0,0,0,0,0,0,0,0,0,0,0,0,0,
"Howard, O.J.",15912,TB,9023,TE,,0,1,0,0,0,0,0,0,0,0,0,0,0,0,0,2,2,16,0,0,0,0,0,0,0,0,0,0,0,0,0,
"Humphries, Adam",15336,TB,9023,WR,,0,1,0,0,0,0,0,0,0,0,0,0,0,0,0,6,4,26,0,0,0,0,0,0,0,0,0,0,0,0,0,
"Jackson, DeSean",2930,TB,9023,WR,,0,1,0,0,0,0,0,0,0,0,0,0,0,0,0,8,3,37,0,0,0,0,0,0,0,0,0,0,0,0,0,
"Martin, Doug",12306,TB,9023,RB,,0,1,0,0,0,0,0,0,0,0,0,18,71,0,0,2,1,4,0,0,0,0,0,0,0,0,0,0,0,0,0,
"Murray, Patrick",14045,TB,9023,PK,,0,1,0,0,0,0,0,0,0,0,0,0,0,0,0,0,0,0,0,0,0,0,0,1,1,0,0,0,1,0,0,G041
"Rodgers, Jacquizz",11999,TB,9023,RB,,0,1,0,0,0,0,0,0,0,0,0,1,1,0,0,1,1,-5,0,0,0,0,0,0,0,0,0,0,0,0,0,
"Winston, Jameis",15281,TB,9023,QB,,0,1,0,21,38,210,2,0,0,3,16,3,13,0,0,0,0,0,0,0,0,0,0,0,0,0,0,0,0,0,1,
"Cousins, Kirk",12376,WAS,9018,QB,,0,1,0,26,39,263,1,1,0,4,27,1,0,0,0,0,0,0,0,0,0,0,0,0,0,0,0,0,0,0,1,T001
"Crowder, Jamison",14860,WAS,9018,WR,,0,1,0,0,0,0,0,0,0,0,0,2,12,0,0,13,9,123,0,0,0,0,0,0,0,0,0,0,0,0,0,
"Davis, Vernon",2606,WAS,9018,TE,,0,1,0,0,0,0,0,0,0,0,0,0,0,0,0,4,2,20,0,0,0,0,0,0,0,0,0,0,0,0,0,
"Doctson, Josh",15555,WAS,9018,WR,,0,1,0,0,0,0,0,0,0,0,0,0,0,0,0,3,1,1,1,0,0,0,0,0,0,0,0,0,0,0,0,C001
"Grant, Ryan",2846,WAS,9018,WR,,0,1,0,0,0,0,0,0,0,0,0,0,0,0,0,7,5,38,0,0,0,0,0,0,0,0,0,0,0,0,0,
"Kelley, Rob",15821,WAS,9018,RB,,0,1,0,0,0,0,0,0,0,0,0,8,19,1,0,1,0,0,0,0,0,0,0,0,0,0,0,0,0,0,0,R001
"Pryor Sr., Terrelle",12109,WAS,9018,WR,,0,1,0,0,0,0,0,0,0,0,0,0,0,0,0,1,0,0,0,0,0,0,0,0,0,0,0,0,0,0,0,
"Reed, Jordan",13457,WAS,9018,TE,,0,1,0,0,0,0,0,0,0,0,0,0,0,0,0,1,1,5,0,0,0,0,0,0,0,0,0,0,0,0,0,
"Rose, Nick",16282,WAS,9018,PK,,0,1,0,0,0,0,0,0,0,0,0,0,0,0,0,0,0,0,0,0,1,2,0,2,3,1,0,1,1,0,0,Y001U036G038G042
"Thompson, Chris",13558,WAS,9018,RB,,0,1,0,0,0,0,0,0,0,0,0,4,18,0,0,9,8,76,0,0,0,0,0,0,0,0,0,0,0,0,1,
